latitude,longitude,date_created
38.4292,-122.625,Wed Jun 26 21:04:29 +0000 2019
34.10190844,-118.34088564,Wed Jun 26 21:04:34 +0000 2019
34.16424,-118.37389,Wed Jun 26 21:04:54 +0000 2019
37.97208858,-120.23879303,Wed Jun 26 21:04:55 +0000 2019
33.94916708,-118.0053188,Wed Jun 26 21:05:16 +0000 2019
34.04312,-118.26711,Wed Jun 26 21:05:19 +0000 2019
34.10128,-118.32632,Wed Jun 26 21:05:20 +0000 2019
33.954465,-118.114317,Wed Jun 26 21:05:33 +0000 2019
34.2647134,-118.51627053,Wed Jun 26 21:05:37 +0000 2019
34.1692,-118.3429,Wed Jun 26 21:05:38 +0000 2019
34.0522,-118.243,Wed Jun 26 21:05:49 +0000 2019
34.14108322,-118.02777437,Wed Jun 26 21:05:59 +0000 2019
34.0522342,-118.2436849,Wed Jun 26 21:06:31 +0000 2019
37.7353,-122.3732,Wed Jun 26 21:06:47 +0000 2019
34.0488229,-118.4463885,Wed Jun 26 21:06:55 +0000 2019
34.0522,-118.243,Wed Jun 26 21:07:07 +0000 2019
38.2672631,-122.1064668,Wed Jun 26 21:07:33 +0000 2019
34.07347,-118.40033,Wed Jun 26 21:07:33 +0000 2019
34.07621325,-118.37703433,Wed Jun 26 21:08:02 +0000 2019
34.17175,-118.36452,Wed Jun 26 21:08:05 +0000 2019
34.06896166,-118.40247127,Wed Jun 26 21:08:43 +0000 2019
34.1,-118.33333333,Wed Jun 26 21:09:11 +0000 2019
34.0401269,-118.4431476,Wed Jun 26 21:09:30 +0000 2019
37.7487068,-119.588295,Wed Jun 26 21:09:43 +0000 2019
34.0522,-118.243,Wed Jun 26 21:09:51 +0000 2019
34.08379326,-118.35409893,Wed Jun 26 21:10:06 +0000 2019
34.0736204,-118.4003563,Wed Jun 26 21:10:19 +0000 2019
34.0522,-118.243,Wed Jun 26 21:10:20 +0000 2019
33.0227476,-117.1382404,Wed Jun 26 21:10:29 +0000 2019
34.04695453,-118.43401252,Wed Jun 26 21:11:01 +0000 2019
34.0584,-118.278,Wed Jun 26 21:11:09 +0000 2019
34.06784729,-118.40200782,Wed Jun 26 21:11:18 +0000 2019
34.12066109,-118.31807989,Wed Jun 26 21:11:24 +0000 2019
34.0522342,-118.2436849,Wed Jun 26 21:11:28 +0000 2019
34.0522342,-118.2436849,Wed Jun 26 21:11:30 +0000 2019
37.17978,-121.9946,Wed Jun 26 21:11:37 +0000 2019
34.10389033,-118.09035948,Wed Jun 26 21:11:38 +0000 2019
34.1465,-118.2539,Wed Jun 26 21:12:58 +0000 2019
34.06291681,-118.30937237,Wed Jun 26 21:15:21 +0000 2019
32.744774,-116.998916,Wed Jun 26 21:15:39 +0000 2019
34.0777644,-118.26060818,Wed Jun 26 21:16:21 +0000 2019
34.09216004,-118.33937063,Wed Jun 26 21:16:28 +0000 2019
34.05,-118.25,Wed Jun 26 21:25:13 +0000 2019
36.0251,-120.121,Wed Jun 26 21:29:56 +0000 2019
33.95816915,-118.41858387,Wed Jun 26 21:29:59 +0000 2019
35.479,-115.522,Wed Jun 26 21:30:03 +0000 2019
35.479,-115.522,Wed Jun 26 21:30:04 +0000 2019
34.0522342,-118.2436849,Wed Jun 26 21:30:12 +0000 2019
34.0625448,-118.3089341,Wed Jun 26 21:30:13 +0000 2019
34.0522342,-118.2436849,Wed Jun 26 21:30:14 +0000 2019
35.7068961,-118.4561967,Wed Jun 26 21:30:25 +0000 2019
33.9802,-118.0897,Wed Jun 26 21:30:30 +0000 2019
33.9069,-118.083,Wed Jun 26 21:30:35 +0000 2019
34.16714457,-118.29215527,Wed Jun 26 21:30:37 +0000 2019
34.1527388,-118.0800473,Wed Jun 26 21:35:55 +0000 2019
34.0522,-118.243,Wed Jun 26 21:36:00 +0000 2019
33.97498,-118.0458,Wed Jun 26 21:36:09 +0000 2019
34.01367,-118.28649,Wed Jun 26 21:36:12 +0000 2019
34.06896166,-118.40247127,Wed Jun 26 21:36:22 +0000 2019
33.942916,-118.408649,Wed Jun 26 21:40:35 +0000 2019
34.0522,-118.243,Wed Jun 26 21:40:48 +0000 2019
34.1722,-118.378,Wed Jun 26 21:41:13 +0000 2019
33.84599471,-117.99960857,Wed Jun 26 21:41:26 +0000 2019
34.0351,-118.23564,Wed Jun 26 21:41:28 +0000 2019
33.86213057,-117.94155836,Wed Jun 26 21:41:30 +0000 2019
33.909612,-117.45699,Wed Jun 26 21:41:42 +0000 2019
33.7692,-118.1938,Wed Jun 26 21:41:47 +0000 2019
34.2711,-118.739,Wed Jun 26 21:42:18 +0000 2019
34.0522,-118.243,Wed Jun 26 21:42:23 +0000 2019
34.0522,-118.243,Wed Jun 26 21:42:31 +0000 2019
34.02875,-118.4717975,Wed Jun 26 21:42:35 +0000 2019
33.5739,-117.84,Wed Jun 26 21:42:52 +0000 2019
34.20608045,-118.49770188,Wed Jun 26 21:43:04 +0000 2019
33.9586176,-118.4193004,Wed Jun 26 21:43:20 +0000 2019
34.274646,-119.2290316,Wed Jun 26 21:43:32 +0000 2019
33.7692,-118.1938,Wed Jun 26 21:43:33 +0000 2019
34.0522,-118.243,Wed Jun 26 21:43:43 +0000 2019
33.54680348,-117.21366766,Wed Jun 26 21:43:48 +0000 2019
34.1592,-118.5,Wed Jun 26 21:44:19 +0000 2019
34.11745,-118.32416,Wed Jun 26 21:44:31 +0000 2019
34.1913,-119.182,Wed Jun 26 21:44:39 +0000 2019
33.6189101,-117.9289469,Wed Jun 26 21:44:44 +0000 2019
33.89666667,-118.225,Wed Jun 26 21:44:47 +0000 2019
34.09987,-118.29282,Wed Jun 26 21:45:33 +0000 2019
33.9913,-118.4589,Wed Jun 26 21:45:39 +0000 2019
34.0522,-118.243,Wed Jun 26 21:45:41 +0000 2019
33.7864189,-118.2480698,Wed Jun 26 21:45:55 +0000 2019
33.83,-118.33,Wed Jun 26 21:45:57 +0000 2019
33.23329648,-116.76218744,Wed Jun 26 21:45:57 +0000 2019
34.07347,-118.40033,Wed Jun 26 21:46:03 +0000 2019
34.0522,-118.243,Wed Jun 26 21:46:10 +0000 2019
34.0522,-118.243,Wed Jun 26 21:46:28 +0000 2019
34.07347,-118.40033,Wed Jun 26 21:46:32 +0000 2019
38.57093889,-122.23526111,Wed Jun 26 21:46:32 +0000 2019
34.09444444,-118.2675,Wed Jun 26 21:46:32 +0000 2019
34.08234,-118.25603,Wed Jun 26 21:46:34 +0000 2019
33.72970275,-117.95604197,Wed Jun 26 21:46:45 +0000 2019
33.9442368,-118.3975983,Wed Jun 26 21:46:46 +0000 2019
34.05318008,-118.4532771,Wed Jun 26 21:46:51 +0000 2019
33.8977316,-117.9421997,Wed Jun 26 21:46:52 +0000 2019
34.10172883,-118.33702039,Wed Jun 26 21:46:58 +0000 2019
34.0522,-118.243,Wed Jun 26 21:47:13 +0000 2019
33.9431,-117.228,Wed Jun 26 21:47:21 +0000 2019
34.10671959,-118.33044276,Wed Jun 26 21:50:13 +0000 2019
34.1396622,-118.019075,Wed Jun 26 21:50:14 +0000 2019
33.7692,-118.1938,Wed Jun 26 21:50:21 +0000 2019
34.0847,-118.384,Wed Jun 26 21:50:30 +0000 2019
33.81393214,-117.91795447,Wed Jun 26 21:50:40 +0000 2019
34.0522,-118.243,Wed Jun 26 21:50:50 +0000 2019
34.0847,-118.384,Wed Jun 26 21:51:04 +0000 2019
34.0522,-118.243,Wed Jun 26 21:51:09 +0000 2019
33.63957048,-117.71026905,Wed Jun 26 21:51:18 +0000 2019
33.942916,-118.408649,Wed Jun 26 21:51:39 +0000 2019
34.1898566,-118.451357,Wed Jun 26 21:51:48 +0000 2019
34.10172883,-118.33702039,Wed Jun 26 21:53:01 +0000 2019
33.7692,-118.1938,Wed Jun 26 21:53:18 +0000 2019
34.10119,-118.2934,Wed Jun 26 21:53:23 +0000 2019
34.1425078,-118.255075,Wed Jun 26 21:53:23 +0000 2019
33.9913,-118.4589,Wed Jun 26 21:53:24 +0000 2019
34.0835,-118.334,Wed Jun 26 21:53:33 +0000 2019
33.9822,-117.7324,Wed Jun 26 21:53:39 +0000 2019
33.8492,-118.3885,Wed Jun 26 21:53:40 +0000 2019
34.05831955,-118.41346579,Wed Jun 26 21:53:57 +0000 2019
33.23329648,-116.76218744,Wed Jun 26 21:54:05 +0000 2019
34.13978323,-118.21416736,Wed Jun 26 21:54:09 +0000 2019
34.16761093,-118.37542951,Wed Jun 26 21:54:14 +0000 2019
34.0522342,-118.2436849,Wed Jun 26 21:54:16 +0000 2019
34.11507,-118.32416,Wed Jun 26 21:54:24 +0000 2019
34.0522,-118.243,Wed Jun 26 21:54:28 +0000 2019
34.057766,-117.750158,Wed Jun 26 21:55:51 +0000 2019
35.46066995,-115.3125,Wed Jun 26 21:56:54 +0000 2019
33.9191799,-118.4164652,Wed Jun 26 21:56:58 +0000 2019
34.0107682,-118.4854781,Wed Jun 26 21:57:00 +0000 2019
34.6867846,-118.1541632,Wed Jun 26 22:03:55 +0000 2019
34.03742524,-118.24874042,Wed Jun 26 22:03:55 +0000 2019
34.0836718,-118.3867876,Wed Jun 26 22:03:56 +0000 2019
39.09166667,-120.04166667,Wed Jun 26 22:04:22 +0000 2019
34.0845673,-118.38468771,Wed Jun 26 22:04:25 +0000 2019
34.0522,-118.243,Wed Jun 26 22:21:46 +0000 2019
35.426667,-116.89,Wed Jun 26 22:22:04 +0000 2019
34.5205,-117.345,Wed Jun 26 22:22:13 +0000 2019
34.0522,-118.243,Wed Jun 26 22:22:16 +0000 2019
36.778261,-119.4179324,Wed Jun 26 22:22:30 +0000 2019
34.0522,-118.243,Wed Jun 26 22:22:31 +0000 2019
34.07217853,-118.35840406,Wed Jun 26 22:22:37 +0000 2019
33.72277664,-117.91883075,Wed Jun 26 22:22:45 +0000 2019
34.05366784,-118.19856314,Wed Jun 26 22:22:48 +0000 2019
36.60639477,-118.7505987,Wed Jun 26 22:22:52 +0000 2019
34.04705871,-118.21806225,Wed Jun 26 22:22:54 +0000 2019
34.20577955,-118.49769248,Wed Jun 26 22:23:04 +0000 2019
34.1867,-118.448,Wed Jun 26 22:23:14 +0000 2019
34.1083449,-117.2897652,Wed Jun 26 22:23:27 +0000 2019
34.0736204,-118.4003563,Wed Jun 26 22:23:27 +0000 2019
34.0522,-118.243,Wed Jun 26 22:23:35 +0000 2019
34.0522,-118.243,Wed Jun 26 22:23:48 +0000 2019
33.5539143,-117.2139232,Wed Jun 26 22:24:16 +0000 2019
33.67,-117.78,Wed Jun 26 22:24:18 +0000 2019
34.0522,-118.243,Wed Jun 26 22:24:39 +0000 2019
34.0483474,-117.2611527,Wed Jun 26 22:24:53 +0000 2019
34.101363,-118.340764,Wed Jun 26 22:24:54 +0000 2019
33.6841,-117.793,Wed Jun 26 22:24:55 +0000 2019
34.151997,-118.33638,Wed Jun 26 22:24:55 +0000 2019
34.075666,-117.4029578,Wed Jun 26 22:25:01 +0000 2019
33.7680875,-118.1751669,Wed Jun 26 22:25:09 +0000 2019
34.07211985,-118.35731685,Wed Jun 26 22:25:18 +0000 2019
34.219241,-119.013678,Wed Jun 26 22:25:27 +0000 2019
34.0522342,-118.2436849,Wed Jun 26 22:25:36 +0000 2019
34.09205976,-118.32926928,Wed Jun 26 22:25:47 +0000 2019
34.0131574,-118.495576,Wed Jun 26 22:25:48 +0000 2019
34.15107,-118.44434,Wed Jun 26 22:25:59 +0000 2019
32.98881822,-116.82513475,Wed Jun 26 22:26:01 +0000 2019
34.04003924,-118.37706386,Wed Jun 26 22:26:03 +0000 2019
34.22670642,-118.87104034,Wed Jun 26 22:26:17 +0000 2019
34.1477849,-118.1445155,Wed Jun 26 22:26:18 +0000 2019
34.03805686,-118.67446622,Wed Jun 26 22:26:20 +0000 2019
34.1367208,-118.6614809,Wed Jun 26 22:26:20 +0000 2019
34.0522,-118.243,Wed Jun 26 22:26:39 +0000 2019
34.1354396,-118.1325434,Wed Jun 26 22:35:27 +0000 2019
34.08611,-118.33892,Wed Jun 26 22:35:29 +0000 2019
34.02,-118.5,Wed Jun 26 22:35:37 +0000 2019
33.9351469,-117.3936375,Wed Jun 26 22:35:39 +0000 2019
34.0522,-118.243,Wed Jun 26 22:35:46 +0000 2019
34.06334615,-118.29628416,Wed Jun 26 22:35:51 +0000 2019
34.01512146,-118.24607849,Wed Jun 26 22:38:00 +0000 2019
33.6147846,-117.637617,Wed Jun 26 22:38:08 +0000 2019
34.1467,-118.1488,Wed Jun 26 22:38:15 +0000 2019
34.2838563,-118.7191509,Wed Jun 26 22:38:18 +0000 2019
34.0522,-118.243,Wed Jun 26 22:38:26 +0000 2019
34.09444444,-118.2675,Wed Jun 26 22:38:44 +0000 2019
34.0522,-118.243,Wed Jun 26 22:38:49 +0000 2019
34.0775104,-117.6897776,Wed Jun 26 22:38:51 +0000 2019
34.2011141,-118.5360517,Wed Jun 26 22:38:57 +0000 2019
33.96106728,-118.02994568,Wed Jun 26 22:39:05 +0000 2019
33.8752935,-117.5664384,Wed Jun 26 22:39:07 +0000 2019
34.0522342,-118.2436849,Wed Jun 26 22:39:17 +0000 2019
34.0522,-118.243,Wed Jun 26 22:39:19 +0000 2019
34.07347,-118.40033,Wed Jun 26 22:39:51 +0000 2019
33.9563984,-118.3979137,Wed Jun 26 22:39:54 +0000 2019
34.0522,-118.243,Wed Jun 26 22:40:04 +0000 2019
34.1437,-118.0008,Wed Jun 26 22:40:05 +0000 2019
33.7090212,-117.9544069,Wed Jun 26 22:40:38 +0000 2019
34.2819461,-118.4389719,Wed Jun 26 22:40:38 +0000 2019
34.11914967,-118.19380528,Wed Jun 26 22:40:45 +0000 2019
34.20079954,-118.53074333,Wed Jun 26 22:41:10 +0000 2019
33.61695,-117.93033,Wed Jun 26 22:41:10 +0000 2019
34.1012611,-118.3284988,Wed Jun 26 22:41:14 +0000 2019
33.8580562,-118.1156373,Wed Jun 26 22:41:18 +0000 2019
33.5751,-117.725,Wed Jun 26 22:41:26 +0000 2019
38.46472222,-120.04,Wed Jun 26 22:41:29 +0000 2019
37.8183,-122.47846,Wed Jun 26 22:42:00 +0000 2019
33.98848178,-118.47144076,Wed Jun 26 22:42:02 +0000 2019
33.6075,-117.26,Wed Jun 26 22:42:03 +0000 2019
34.0454401,-118.2578701,Wed Jun 26 22:42:13 +0000 2019
34.0757795,-117.4051608,Wed Jun 26 22:42:22 +0000 2019
34.0757795,-117.4051608,Wed Jun 26 22:42:28 +0000 2019
33.8362,-117.89,Wed Jun 26 22:42:31 +0000 2019
34.4400287,-118.5914696,Wed Jun 26 22:42:42 +0000 2019
34.03742524,-118.24874042,Wed Jun 26 22:42:43 +0000 2019
34.1722,-118.378,Wed Jun 26 22:42:50 +0000 2019
37.9009213,-121.422761,Wed Jun 26 22:42:58 +0000 2019
34.06205128,-118.35229972,Wed Jun 26 22:42:59 +0000 2019
34.1437,-118.0008,Wed Jun 26 22:42:59 +0000 2019
38.20507173,-121.29662122,Wed Jun 26 22:43:02 +0000 2019
34.20653367,-118.49865378,Wed Jun 26 22:43:03 +0000 2019
34.0522,-118.243,Wed Jun 26 22:43:17 +0000 2019
33.5441062,-117.7820073,Wed Jun 26 22:43:28 +0000 2019
37.4108927,-122.2880726,Wed Jun 26 22:43:38 +0000 2019
33.7091847,-117.9536697,Wed Jun 26 22:43:39 +0000 2019
33.685,-117.15392,Wed Jun 26 22:43:56 +0000 2019
33.9416,-118.0639,Wed Jun 26 22:43:57 +0000 2019
34.0522,-118.243,Wed Jun 26 22:44:00 +0000 2019
33.67743,-117.88583,Wed Jun 26 22:44:08 +0000 2019
36.778261,-119.4179324,Wed Jun 26 22:44:22 +0000 2019
34.13831062,-118.35412645,Wed Jun 26 22:44:26 +0000 2019
33.80762375,-117.9191409,Wed Jun 26 22:44:41 +0000 2019
34.1,-118.33333333,Wed Jun 26 22:44:55 +0000 2019
34.0522,-118.243,Wed Jun 26 22:45:12 +0000 2019
33.9739038,-118.4465617,Wed Jun 26 22:45:38 +0000 2019
33.6638,-118.0076,Wed Jun 26 22:45:44 +0000 2019
34.02605909,-118.76838684,Wed Jun 26 22:46:03 +0000 2019
33.81502931,-117.92042254,Wed Jun 26 22:46:26 +0000 2019
34.0522,-118.243,Wed Jun 26 22:46:30 +0000 2019
34.0522,-118.243,Wed Jun 26 22:46:34 +0000 2019
38.32,-122.64,Wed Jun 26 22:46:48 +0000 2019
34.22107017,-119.05600715,Wed Jun 26 22:46:54 +0000 2019
33.81502931,-117.92042254,Wed Jun 26 22:46:59 +0000 2019
34.13681744,-118.2078,Wed Jun 26 22:47:02 +0000 2019
34.0847,-118.384,Wed Jun 26 22:47:04 +0000 2019
33.56102537,-117.71276447,Wed Jun 26 22:47:07 +0000 2019
37.8183,-122.47846,Wed Jun 26 22:49:41 +0000 2019
34.4044113,-118.5706019,Wed Jun 26 22:49:42 +0000 2019
33.7700504,-118.1937395,Wed Jun 26 22:49:49 +0000 2019
33.9481,-117.396,Wed Jun 26 22:49:51 +0000 2019
38.4409697,-122.7971649,Wed Jun 26 22:50:07 +0000 2019
33.9883271,-118.3859266,Wed Jun 26 22:50:07 +0000 2019
34.0522342,-118.2436849,Wed Jun 26 22:50:18 +0000 2019
33.99875,-118.05645,Wed Jun 26 22:50:32 +0000 2019
34.04318443,-117.13475785,Wed Jun 26 22:50:39 +0000 2019
34.23832364,-118.5742992,Wed Jun 26 22:50:44 +0000 2019
33.52504,-117.1766,Wed Jun 26 22:50:46 +0000 2019
34.08455825,-118.31967425,Wed Jun 26 22:50:49 +0000 2019
34.0522,-118.243,Wed Jun 26 22:51:03 +0000 2019
34.14943271,-118.37890354,Wed Jun 26 22:51:03 +0000 2019
34.14943271,-118.37890354,Wed Jun 26 22:51:03 +0000 2019
34.12351333,-118.24774848,Wed Jun 26 22:51:10 +0000 2019
33.979373,-118.467143,Wed Jun 26 22:51:14 +0000 2019
34.1453328,-118.1511177,Wed Jun 26 22:51:32 +0000 2019
32.66354,-116.27328,Wed Jun 26 22:51:33 +0000 2019
34.0522,-118.243,Wed Jun 26 22:51:34 +0000 2019
33.42150199,-117.60813706,Wed Jun 26 22:51:42 +0000 2019
34.06738,-118.40664,Wed Jun 26 22:53:07 +0000 2019
34.1367208,-118.6614809,Wed Jun 26 22:53:25 +0000 2019
34.0977,-117.458,Wed Jun 26 22:53:36 +0000 2019
34.1507,-118.43971,Wed Jun 26 22:53:37 +0000 2019
34.06576,-118.30061,Wed Jun 26 22:53:37 +0000 2019
34.0522,-118.243,Wed Jun 26 22:53:58 +0000 2019
33.851722,-118.141066,Wed Jun 26 22:53:59 +0000 2019
34.0522,-118.243,Wed Jun 26 22:54:07 +0000 2019
33.69990539,-117.91767121,Wed Jun 26 22:54:25 +0000 2019
34.19954638,-118.46572822,Wed Jun 26 22:54:28 +0000 2019
34.05194,-118.26984,Wed Jun 26 22:54:38 +0000 2019
33.82113619,-117.95932771,Wed Jun 26 22:54:44 +0000 2019
34.03742524,-118.24874042,Wed Jun 26 22:54:50 +0000 2019
37.92645,-121.62419,Wed Jun 26 22:54:53 +0000 2019
37.7353,-122.3732,Wed Jun 26 22:55:31 +0000 2019
33.55427077,-117.71118049,Wed Jun 26 22:55:35 +0000 2019
34.04769135,-118.22886658,Wed Jun 26 22:55:41 +0000 2019
34.0522,-118.243,Wed Jun 26 22:55:47 +0000 2019
33.9953297,-118.4753742,Wed Jun 26 22:55:51 +0000 2019
34.05984,-118.39831,Wed Jun 26 22:56:11 +0000 2019
37.98298,-120.4343621,Wed Jun 26 22:56:21 +0000 2019
37.615215,-122.389881,Wed Jun 26 22:56:34 +0000 2019
34.142,-118.82,Wed Jun 26 22:56:45 +0000 2019
34.1722,-118.378,Wed Jun 26 22:56:48 +0000 2019
34.1,-118.33333333,Wed Jun 26 22:56:56 +0000 2019
33.86108,-117.87979,Wed Jun 26 22:57:08 +0000 2019
33.954866,-118.278503,Wed Jun 26 22:57:10 +0000 2019
34.0543797,-118.2672801,Wed Jun 26 22:57:10 +0000 2019
34.0006,-118.3952,Wed Jun 26 22:57:24 +0000 2019
33.9533487,-117.3961564,Wed Jun 26 22:58:04 +0000 2019
33.9481,-117.396,Wed Jun 26 22:58:32 +0000 2019
36.5369974,-121.9098263,Wed Jun 26 22:58:40 +0000 2019
33.86108,-117.87979,Wed Jun 26 22:58:58 +0000 2019
34.0522,-118.243,Wed Jun 26 22:59:33 +0000 2019
33.97692912,-117.33014931,Wed Jun 26 22:59:33 +0000 2019
34.5205,-117.345,Wed Jun 26 22:59:36 +0000 2019
34.0543797,-118.2672801,Wed Jun 26 22:59:39 +0000 2019
34.0522,-118.243,Wed Jun 26 22:59:42 +0000 2019
33.7700504,-118.1937395,Wed Jun 26 22:59:49 +0000 2019
34.0502,-118.539,Wed Jun 26 23:00:02 +0000 2019
34.1425078,-118.255075,Wed Jun 26 23:00:05 +0000 2019
34.05073,-118.27721,Wed Jun 26 23:00:53 +0000 2019
34.0522342,-118.2436849,Wed Jun 26 23:01:13 +0000 2019
34.0522,-118.243,Wed Jun 26 23:01:23 +0000 2019
34.04889182,-118.26107732,Wed Jun 26 23:01:47 +0000 2019
34.0522,-118.243,Wed Jun 26 23:01:52 +0000 2019
34.16515,-118.45681,Wed Jun 26 23:01:57 +0000 2019
33.9191799,-118.4164652,Wed Jun 26 23:02:02 +0000 2019
37.7487068,-119.588295,Wed Jun 26 23:02:18 +0000 2019
33.9526984,-118.1866083,Wed Jun 26 23:02:19 +0000 2019
34.06596,-118.47024,Wed Jun 26 23:02:37 +0000 2019
33.6147846,-117.637617,Wed Jun 26 23:02:51 +0000 2019
38.8076668,-122.8288345,Wed Jun 26 23:03:01 +0000 2019
34.0804,-118.4125,Wed Jun 26 23:05:48 +0000 2019
36.3258098,-119.6069423,Wed Jun 26 23:05:51 +0000 2019
33.905359,-118.351991,Wed Jun 26 23:05:53 +0000 2019
34.0847,-118.384,Wed Jun 26 23:05:53 +0000 2019
33.78468,-117.86777,Wed Jun 26 23:06:05 +0000 2019
33.87097858,-118.3550379,Wed Jun 26 23:06:20 +0000 2019
34.1118,-118.32275,Wed Jun 26 23:06:27 +0000 2019
34.05184,-118.29008,Wed Jun 26 23:06:52 +0000 2019
34.0522,-118.243,Wed Jun 26 23:06:57 +0000 2019
34.0522,-118.243,Wed Jun 26 23:06:58 +0000 2019
34.1384,-118.661,Wed Jun 26 23:07:03 +0000 2019
34.01673996,-118.49669833,Wed Jun 26 23:07:15 +0000 2019
34.27,-118.47,Wed Jun 26 23:07:35 +0000 2019
33.6416,-117.691,Wed Jun 26 23:07:37 +0000 2019
33.9241313,-118.3095666,Wed Jun 26 23:07:45 +0000 2019
34.07304942,-117.87888958,Wed Jun 26 23:07:55 +0000 2019
34.0162,-118.822,Wed Jun 26 23:07:55 +0000 2019
33.9191799,-118.4164652,Wed Jun 26 23:08:00 +0000 2019
34.20767,-118.20725,Wed Jun 26 23:08:02 +0000 2019
33.6075,-117.26,Wed Jun 26 23:08:11 +0000 2019
34.074817,-118.03623937,Wed Jun 26 23:08:12 +0000 2019
33.6839473,-117.7946942,Wed Jun 26 23:08:15 +0000 2019
34.07759,-118.24476,Wed Jun 26 23:08:29 +0000 2019
34.1477849,-118.1445155,Wed Jun 26 23:08:30 +0000 2019
34.0522,-118.243,Wed Jun 26 23:08:34 +0000 2019
34.0522342,-118.2436849,Wed Jun 26 23:08:42 +0000 2019
34.01683881,-118.49791554,Wed Jun 26 23:09:13 +0000 2019
33.77507127,-118.12393534,Wed Jun 26 23:09:15 +0000 2019
33.99232,-118.13627,Wed Jun 26 23:09:19 +0000 2019
34.0619299,-118.20156,Wed Jun 26 23:09:28 +0000 2019
32.841679,-116.706692,Wed Jun 26 23:09:38 +0000 2019
34.0522,-118.243,Wed Jun 26 23:09:43 +0000 2019
34.1625,-118.36995,Wed Jun 26 23:09:49 +0000 2019
34.0522,-118.243,Wed Jun 26 23:09:52 +0000 2019
34.0458333,-117.5026667,Wed Jun 26 23:10:01 +0000 2019
34.1722,-118.378,Wed Jun 26 23:10:19 +0000 2019
34.0975963,-117.7469367,Wed Jun 26 23:10:30 +0000 2019
34.10209096,-118.32092799,Wed Jun 26 23:10:33 +0000 2019
34.0522,-118.243,Wed Jun 26 23:10:34 +0000 2019
37.6182481,-122.3867758,Wed Jun 26 23:10:39 +0000 2019
33.72683,-118.02776,Wed Jun 26 23:10:49 +0000 2019
34.0522342,-118.2436849,Wed Jun 26 23:10:50 +0000 2019
34.142,-118.82,Wed Jun 26 23:10:52 +0000 2019
34.1561783,-118.1528623,Wed Jun 26 23:11:11 +0000 2019
34.0115,-117.8535,Wed Jun 26 23:11:18 +0000 2019
33.97878,-118.03536,Wed Jun 26 23:11:24 +0000 2019
34.0522342,-118.2436849,Wed Jun 26 23:11:52 +0000 2019
34.04769135,-118.22886658,Wed Jun 26 23:11:59 +0000 2019
34.0522,-118.243,Wed Jun 26 23:12:04 +0000 2019
34.0522,-118.243,Wed Jun 26 23:12:11 +0000 2019
34.12803,-118.26058,Wed Jun 26 23:12:14 +0000 2019
34.1437,-118.0008,Wed Jun 26 23:12:14 +0000 2019
33.6787816,-117.86215445,Wed Jun 26 23:12:23 +0000 2019
34.26932869,-118.37174177,Wed Jun 26 23:12:26 +0000 2019
34.06865,-118.27505,Wed Jun 26 23:12:44 +0000 2019
33.9023933,-118.0804749,Wed Jun 26 23:12:46 +0000 2019
33.7692,-118.1938,Wed Jun 26 23:12:50 +0000 2019
33.8352932,-117.9145036,Wed Jun 26 23:12:53 +0000 2019
33.84409527,-118.26174145,Wed Jun 26 23:12:54 +0000 2019
34.1722,-118.378,Wed Jun 26 23:12:55 +0000 2019
33.8873,-118.4026,Wed Jun 26 23:13:04 +0000 2019
39.77579,-123.5450579,Wed Jun 26 23:13:05 +0000 2019
34.0953,-117.5764,Wed Jun 26 23:13:10 +0000 2019
34.2163937,-119.0376023,Wed Jun 26 23:13:16 +0000 2019
33.6416,-117.691,Wed Jun 26 23:13:23 +0000 2019
37.00112601,-121.70285817,Wed Jun 26 23:13:35 +0000 2019
33.76210021,-118.11650086,Wed Jun 26 23:13:49 +0000 2019
34.04614,-118.23487,Wed Jun 26 23:14:52 +0000 2019
33.6150696,-117.873123,Wed Jun 26 23:15:02 +0000 2019
34.0359,-118.25503,Wed Jun 26 23:15:05 +0000 2019
33.53749586,-117.15692069,Wed Jun 26 23:15:07 +0000 2019
33.8955,-118.0095,Wed Jun 26 23:15:15 +0000 2019
34.07347,-118.40033,Wed Jun 26 23:15:18 +0000 2019
33.7692,-118.1938,Wed Jun 26 23:15:24 +0000 2019
34.0522,-118.243,Wed Jun 26 23:15:30 +0000 2019
33.7692,-118.1938,Wed Jun 26 23:15:45 +0000 2019
34.1,-118.33333333,Wed Jun 26 23:15:57 +0000 2019
33.6189101,-117.9289469,Wed Jun 26 23:16:03 +0000 2019
37.3813444,-122.1802812,Wed Jun 26 23:16:04 +0000 2019
34.1477829,-119.1951074,Wed Jun 26 23:16:04 +0000 2019
33.8358492,-118.3406288,Wed Jun 26 23:16:21 +0000 2019
33.78268235,-117.21692707,Wed Jun 26 23:16:27 +0000 2019
34.04629,-118.2546,Wed Jun 26 23:16:28 +0000 2019
34.0852868,-117.9608978,Wed Jun 26 23:16:31 +0000 2019
34.14453,-118.39561,Wed Jun 26 23:16:42 +0000 2019
34.0478754,-118.3356019,Wed Jun 26 23:16:51 +0000 2019
37.84934193,-120.87781821,Wed Jun 26 23:17:00 +0000 2019
34.07426731,-118.39855277,Wed Jun 26 23:17:06 +0000 2019
33.89422087,-117.92788625,Wed Jun 26 23:17:11 +0000 2019
34.0543797,-118.2672801,Wed Jun 26 23:17:13 +0000 2019
34.13767425,-118.35439145,Wed Jun 26 23:17:39 +0000 2019
34.13831062,-118.35412645,Wed Jun 26 23:17:43 +0000 2019
34.16369,-118.37354,Wed Jun 26 23:17:45 +0000 2019
36.23610029,-119.75839028,Wed Jun 26 23:17:54 +0000 2019
33.83,-118.33,Wed Jun 26 23:18:33 +0000 2019
37.615215,-122.389881,Wed Jun 26 23:18:35 +0000 2019
33.81184703,-117.91958573,Wed Jun 26 23:18:39 +0000 2019
34.2506356,-118.61481,Wed Jun 26 23:18:46 +0000 2019
33.99261,-118.25588,Wed Jun 26 23:19:05 +0000 2019
34.07347,-118.40033,Wed Jun 26 23:19:18 +0000 2019
32.841679,-116.706692,Wed Jun 26 23:19:22 +0000 2019
39.2923596,-120.034609,Wed Jun 26 23:19:35 +0000 2019
34.1492278,-118.0739699,Wed Jun 26 23:19:42 +0000 2019
33.8061735,-117.92434454,Wed Jun 26 23:19:46 +0000 2019
33.878638,-117.226457,Wed Jun 26 23:19:51 +0000 2019
34.0975963,-117.7469367,Wed Jun 26 23:19:55 +0000 2019
33.650994,-117.7438903,Wed Jun 26 23:20:13 +0000 2019
34.04417,-118.26,Wed Jun 26 23:20:50 +0000 2019
34.05889338,-118.24002596,Wed Jun 26 23:20:56 +0000 2019
34.04779,-118.24975,Wed Jun 26 23:20:57 +0000 2019
34.20858294,-119.07169936,Wed Jun 26 23:21:30 +0000 2019
33.71999,-117.999344,Wed Jun 26 23:23:28 +0000 2019
34.04728,-118.25685,Wed Jun 26 23:23:46 +0000 2019
33.711,-118.284,Wed Jun 26 23:23:47 +0000 2019
33.9069,-118.083,Wed Jun 26 23:23:55 +0000 2019
33.8358492,-118.3406288,Wed Jun 26 23:24:03 +0000 2019
33.7420005,-117.8236391,Wed Jun 26 23:24:12 +0000 2019
34.1913,-119.182,Wed Jun 26 23:24:20 +0000 2019
33.93464,-117.55793,Wed Jun 26 23:24:23 +0000 2019
34.11914967,-118.19380528,Wed Jun 26 23:24:28 +0000 2019
34.0522,-118.243,Wed Jun 26 23:24:36 +0000 2019
34.05174412,-118.26713311,Wed Jun 26 23:24:51 +0000 2019
34.0483474,-117.2611527,Wed Jun 26 23:24:53 +0000 2019
33.75266622,-118.18898194,Wed Jun 26 23:25:00 +0000 2019
34.0522,-118.243,Wed Jun 26 23:25:17 +0000 2019
34.0522,-118.243,Wed Jun 26 23:25:41 +0000 2019
34.16331,-118.22304,Wed Jun 26 23:25:53 +0000 2019
37.7353,-122.3732,Wed Jun 26 23:26:01 +0000 2019
34.15107,-118.44434,Wed Jun 26 23:26:14 +0000 2019
34.1511251,-118.0682079,Wed Jun 26 23:26:21 +0000 2019
34.0522,-118.243,Wed Jun 26 23:26:25 +0000 2019
33.96003842,-118.27595472,Wed Jun 26 23:26:27 +0000 2019
34.2039087,-118.2935891,Wed Jun 26 23:26:33 +0000 2019
34.02,-118.5,Wed Jun 26 23:26:42 +0000 2019
34.2732,-118.41169,Wed Jun 26 23:26:46 +0000 2019
34.15471468,-118.46702122,Wed Jun 26 23:26:49 +0000 2019
39.111504,-121.3598812,Wed Jun 26 23:27:12 +0000 2019
33.5033,-117.124,Wed Jun 26 23:27:21 +0000 2019
34.0522,-118.243,Wed Jun 26 23:27:23 +0000 2019
33.80351788,-117.87753965,Wed Jun 26 23:27:34 +0000 2019
34.0522,-118.243,Wed Jun 26 23:27:44 +0000 2019
33.878638,-117.226457,Wed Jun 26 23:27:52 +0000 2019
33.86468717,-118.25582458,Wed Jun 26 23:28:09 +0000 2019
34.13767425,-118.35439145,Wed Jun 26 23:28:11 +0000 2019
34.0220399,-118.39588,Wed Jun 26 23:28:15 +0000 2019
34.1,-118.33333333,Wed Jun 26 23:28:18 +0000 2019
34.05661262,-118.39569532,Wed Jun 26 23:28:23 +0000 2019
33.99167007,-118.46984687,Wed Jun 26 23:28:25 +0000 2019
34.3774109,-118.5267105,Wed Jun 26 23:28:32 +0000 2019
33.7090212,-117.9544069,Wed Jun 26 23:28:32 +0000 2019
34.03774757,-118.23127973,Wed Jun 26 23:28:45 +0000 2019
34.3541659,-119.0592705,Wed Jun 26 23:29:04 +0000 2019
33.96386,-118.22691,Wed Jun 26 23:29:05 +0000 2019
34.0759151,-118.3767915,Wed Jun 26 23:29:21 +0000 2019
33.8362,-117.89,Wed Jun 26 23:29:25 +0000 2019
34.1927,-118.21659,Wed Jun 26 23:29:33 +0000 2019
34.2732,-118.41169,Wed Jun 26 23:29:38 +0000 2019
34.1,-118.33333333,Wed Jun 26 23:29:46 +0000 2019
34.0522,-118.243,Wed Jun 26 23:29:53 +0000 2019
34.0522,-118.243,Wed Jun 26 23:30:02 +0000 2019
34.0220399,-118.39588,Wed Jun 26 23:30:14 +0000 2019
33.8492,-118.3885,Wed Jun 26 23:30:24 +0000 2019
34.15107,-118.44434,Wed Jun 26 23:30:24 +0000 2019
33.73787,-118.28461,Wed Jun 26 23:30:26 +0000 2019
34.0522,-118.243,Wed Jun 26 23:30:35 +0000 2019
33.6841,-117.793,Wed Jun 26 23:30:45 +0000 2019
34.0847,-118.384,Wed Jun 26 23:30:51 +0000 2019
33.98984,-118.24539,Wed Jun 26 23:30:51 +0000 2019
33.92938,-118.21512,Wed Jun 26 23:30:52 +0000 2019
34.04973,-118.23944,Wed Jun 26 23:31:07 +0000 2019
34.1295,-117.293,Wed Jun 26 23:31:07 +0000 2019
33.7455731,-117.8678338,Wed Jun 26 23:31:18 +0000 2019
33.7475,-116.9714,Wed Jun 26 23:31:36 +0000 2019
33.81,-117.83,Wed Jun 26 23:31:45 +0000 2019
35.426667,-116.89,Wed Jun 26 23:31:49 +0000 2019
33.70916,-117.95077,Wed Jun 26 23:31:59 +0000 2019
34.0522342,-118.2436849,Wed Jun 26 23:32:22 +0000 2019
34.12066109,-118.31807989,Wed Jun 26 23:32:26 +0000 2019
39.3,-120.77,Wed Jun 26 23:32:26 +0000 2019
34.11009,-117.57636,Wed Jun 26 23:32:27 +0000 2019
33.46221203,-117.68325455,Wed Jun 26 23:32:35 +0000 2019
34.0006,-118.3952,Wed Jun 26 23:32:46 +0000 2019
34.01158,-118.49227,Wed Jun 26 23:32:46 +0000 2019
34.18981934,-118.59437006,Wed Jun 26 23:32:48 +0000 2019
34.03429,-118.23257,Wed Jun 26 23:32:59 +0000 2019
34.0522,-118.243,Wed Jun 26 23:33:06 +0000 2019
33.9172,-118.349,Wed Jun 26 23:33:08 +0000 2019
34.16964,-118.36989,Wed Jun 26 23:33:10 +0000 2019
33.81502931,-117.92042254,Wed Jun 26 23:33:34 +0000 2019
34.0805651,-118.072846,Wed Jun 26 23:33:34 +0000 2019
34.15169,-118.45144,Wed Jun 26 23:34:09 +0000 2019
34.10190844,-118.34088564,Wed Jun 26 23:34:25 +0000 2019
33.7593,-118.082,Wed Jun 26 23:34:31 +0000 2019
34.08635126,-117.89088607,Wed Jun 26 23:34:33 +0000 2019
33.95332796,-117.39664078,Wed Jun 26 23:34:38 +0000 2019
33.80361477,-117.88251468,Wed Jun 26 23:34:43 +0000 2019
38.0349026,-122.026918,Wed Jun 26 23:35:02 +0000 2019
34.0522,-118.243,Wed Jun 26 23:35:05 +0000 2019
34.0777644,-118.26060818,Wed Jun 26 23:35:09 +0000 2019
34.01679586,-118.28817534,Wed Jun 26 23:35:09 +0000 2019
34.0522,-118.243,Wed Jun 26 23:35:13 +0000 2019
34.13320481,-118.2824778,Wed Jun 26 23:35:23 +0000 2019
34.1722,-118.378,Wed Jun 26 23:35:30 +0000 2019
34.2202959,-119.1798484,Wed Jun 26 23:35:33 +0000 2019
33.83146905,-118.27475085,Wed Jun 26 23:35:35 +0000 2019
36.5322649,-116.9325408,Wed Jun 26 23:35:37 +0000 2019
34.0908388,-118.3697416,Wed Jun 26 23:35:40 +0000 2019
38.2813,-120.905,Wed Jun 26 23:35:55 +0000 2019
33.9432,-117.98935,Wed Jun 26 23:35:58 +0000 2019
33.436817,-117.624764,Wed Jun 26 23:35:59 +0000 2019
33.99491,-118.22926,Wed Jun 26 23:36:01 +0000 2019
33.9412,-118.402,Wed Jun 26 23:36:02 +0000 2019
33.769664,-118.191966,Wed Jun 26 23:36:06 +0000 2019
33.7692,-118.1938,Wed Jun 26 23:36:12 +0000 2019
34.6946278,-118.1473771,Wed Jun 26 23:36:12 +0000 2019
34.2232381,-119.158688,Wed Jun 26 23:36:23 +0000 2019
35.426667,-116.89,Wed Jun 26 23:37:14 +0000 2019
34.16181816,-117.86132813,Wed Jun 26 23:37:19 +0000 2019
34.1,-118.33333333,Wed Jun 26 23:37:27 +0000 2019
34.0522342,-118.2436849,Wed Jun 26 23:37:43 +0000 2019
34.136999,-118.355473,Wed Jun 26 23:37:45 +0000 2019
33.8316745,-118.281693,Wed Jun 26 23:37:54 +0000 2019
34.04621188,-118.24264245,Wed Jun 26 23:37:57 +0000 2019
34.1083449,-117.2897652,Wed Jun 26 23:37:58 +0000 2019
33.97692912,-117.33014931,Wed Jun 26 23:38:00 +0000 2019
33.947144,-117.45964,Wed Jun 26 23:38:04 +0000 2019
33.9990974,-117.5466509,Wed Jun 26 23:38:05 +0000 2019
34.0736204,-118.4003563,Wed Jun 26 23:38:08 +0000 2019
34.0218284,-118.5065253,Wed Jun 26 23:38:14 +0000 2019
34.11,-117.72,Wed Jun 26 23:38:22 +0000 2019
34.0238187,-118.153228,Wed Jun 26 23:38:23 +0000 2019
34.0522,-118.243,Wed Jun 26 23:38:32 +0000 2019
34.0220399,-118.39588,Wed Jun 26 23:38:33 +0000 2019
34.02113212,-118.28533683,Wed Jun 26 23:38:34 +0000 2019
33.7692,-118.1938,Wed Jun 26 23:38:35 +0000 2019
33.4662881,-117.6317494,Wed Jun 26 23:38:42 +0000 2019
34.0543797,-118.2672801,Wed Jun 26 23:38:43 +0000 2019
33.67577,-117.88134,Wed Jun 26 23:38:53 +0000 2019
33.6913751,-117.7901088,Wed Jun 26 23:38:59 +0000 2019
34.17287585,-118.5467795,Wed Jun 26 23:39:05 +0000 2019
34.201266,-118.2098,Wed Jun 26 23:39:16 +0000 2019
38.39891273,-122.6050881,Wed Jun 26 23:39:18 +0000 2019
33.742586,-117.0045318,Wed Jun 26 23:39:33 +0000 2019
34.045,-118.24116,Wed Jun 26 23:39:37 +0000 2019
33.9182,-117.8994,Wed Jun 26 23:39:45 +0000 2019
34.38263,-119.13599,Wed Jun 26 23:39:50 +0000 2019
34.03132102,-118.84282996,Wed Jun 26 23:40:00 +0000 2019
34.17287585,-118.5467795,Wed Jun 26 23:40:03 +0000 2019
34.20514,-118.26679,Wed Jun 26 23:40:26 +0000 2019
34.1327,-118.036,Wed Jun 26 23:40:34 +0000 2019
33.75153439,-118.18700162,Wed Jun 26 23:40:39 +0000 2019
33.7174708,-117.8311428,Wed Jun 26 23:40:44 +0000 2019
34.60598668,-118.14160147,Wed Jun 26 23:40:49 +0000 2019
33.9182,-117.8994,Wed Jun 26 23:40:49 +0000 2019
34.1327,-118.036,Wed Jun 26 23:41:10 +0000 2019
33.99822,-118.25872,Wed Jun 26 23:41:20 +0000 2019
34.0522,-118.243,Wed Jun 26 23:41:22 +0000 2019
33.8061735,-117.92434454,Wed Jun 26 23:41:28 +0000 2019
33.9813785,-117.37381264,Wed Jun 26 23:41:28 +0000 2019
34.0462,-118.245,Wed Jun 26 23:41:55 +0000 2019
34.01777778,-117.69,Wed Jun 26 23:42:09 +0000 2019
34.01528696,-118.49602454,Wed Jun 26 23:42:13 +0000 2019
34.17879,-118.23046,Wed Jun 26 23:42:16 +0000 2019
33.812359,-117.9245149,Wed Jun 26 23:42:20 +0000 2019
34.1467,-118.1488,Wed Jun 26 23:42:21 +0000 2019
34.0194543,-118.4911912,Wed Jun 26 23:42:42 +0000 2019
34.01777778,-117.69,Wed Jun 26 23:42:51 +0000 2019
34.1,-118.33333333,Wed Jun 26 23:43:03 +0000 2019
34.20608037,-118.49865311,Wed Jun 26 23:43:03 +0000 2019
37.61837867,-122.38627911,Wed Jun 26 23:43:15 +0000 2019
34.1732,-118.19086,Wed Jun 26 23:43:18 +0000 2019
34.01777778,-117.69,Wed Jun 26 23:43:19 +0000 2019
34.0522,-118.243,Wed Jun 26 23:43:20 +0000 2019
34.1684652,-119.2091239,Wed Jun 26 23:43:47 +0000 2019
34.1,-118.33333333,Wed Jun 26 23:44:08 +0000 2019
34.01777778,-117.69,Wed Jun 26 23:44:11 +0000 2019
34.0522,-118.243,Wed Jun 26 23:44:19 +0000 2019
41.38228027,-124.06980718,Wed Jun 26 23:44:55 +0000 2019
33.49944444,-117.66166667,Wed Jun 26 23:45:03 +0000 2019
34.0522,-118.243,Wed Jun 26 23:45:30 +0000 2019
34.14297784,-119.19489832,Wed Jun 26 23:45:36 +0000 2019
34.03742524,-118.24874042,Wed Jun 26 23:45:52 +0000 2019
33.99989,-118.25014,Wed Jun 26 23:46:30 +0000 2019
34.1013939,-118.342741,Wed Jun 26 23:46:39 +0000 2019
37.7353,-122.3732,Wed Jun 26 23:46:40 +0000 2019
34.0713766,-118.343837,Wed Jun 26 23:46:57 +0000 2019
34.13681744,-118.2078,Wed Jun 26 23:46:58 +0000 2019
34.09883,-118.32908,Wed Jun 26 23:47:01 +0000 2019
34.14757,-118.12382,Wed Jun 26 23:47:12 +0000 2019
34.19218,-118.33079,Wed Jun 26 23:47:18 +0000 2019
33.84970272,-117.92470976,Wed Jun 26 23:47:44 +0000 2019
34.0486663,-118.2404983,Wed Jun 26 23:47:54 +0000 2019
33.5315,-117.769,Wed Jun 26 23:48:06 +0000 2019
33.945464,-118.331548,Wed Jun 26 23:48:18 +0000 2019
34.13142538,-117.88934749,Wed Jun 26 23:48:26 +0000 2019
34.045,-118.24116,Wed Jun 26 23:48:29 +0000 2019
34.01158,-118.49227,Wed Jun 26 23:48:32 +0000 2019
33.9150066,-118.4046264,Wed Jun 26 23:48:36 +0000 2019
33.5315,-117.769,Wed Jun 26 23:48:38 +0000 2019
34.1477849,-118.1445155,Wed Jun 26 23:48:39 +0000 2019
33.660297,-117.9992265,Wed Jun 26 23:48:39 +0000 2019
33.5692692,-117.7143278,Wed Jun 26 23:48:39 +0000 2019
34.0522,-118.243,Wed Jun 26 23:48:47 +0000 2019
33.8813831,-117.5378439,Wed Jun 26 23:48:49 +0000 2019
34.0522342,-118.2436849,Wed Jun 26 23:48:52 +0000 2019
33.8284744,-118.0890267,Wed Jun 26 23:48:59 +0000 2019
34.0522342,-118.2436849,Wed Jun 26 23:48:59 +0000 2019
33.88895576,-118.24104773,Wed Jun 26 23:49:00 +0000 2019
36.5785,-118.292,Wed Jun 26 23:49:00 +0000 2019
33.9442368,-118.3975983,Wed Jun 26 23:49:01 +0000 2019
33.6839473,-117.7946942,Wed Jun 26 23:49:09 +0000 2019
34.0522342,-118.2436849,Wed Jun 26 23:49:09 +0000 2019
34.0633443,-117.6508876,Wed Jun 26 23:49:10 +0000 2019
34.0522342,-118.2436849,Wed Jun 26 23:49:18 +0000 2019
33.6183041,-117.7030818,Wed Jun 26 23:49:19 +0000 2019
34.0522,-118.243,Wed Jun 26 23:49:23 +0000 2019
34.2783,-119.292,Wed Jun 26 23:49:38 +0000 2019
34.03742524,-118.24874042,Wed Jun 26 23:50:59 +0000 2019
33.80017431,-117.88284453,Wed Jun 26 23:51:01 +0000 2019
33.9822,-117.7324,Wed Jun 26 23:51:07 +0000 2019
34.09213865,-118.38172201,Wed Jun 26 23:51:07 +0000 2019
33.80017431,-117.88284453,Wed Jun 26 23:51:08 +0000 2019
33.81393214,-117.91795447,Wed Jun 26 23:51:15 +0000 2019
33.8752935,-117.5664384,Wed Jun 26 23:51:20 +0000 2019
34.1,-118.33333333,Wed Jun 26 23:51:32 +0000 2019
33.99691,-118.24945,Wed Jun 26 23:51:40 +0000 2019
34.045,-118.24116,Wed Jun 26 23:51:42 +0000 2019
37.9434927,-121.1481284,Wed Jun 26 23:51:51 +0000 2019
34.03219819,-118.68734248,Wed Jun 26 23:51:52 +0000 2019
34.05182,-118.41257,Wed Jun 26 23:51:54 +0000 2019
34.0522,-118.243,Wed Jun 26 23:52:01 +0000 2019
33.72591311,-117.89699511,Wed Jun 26 23:52:06 +0000 2019
33.65769389,-117.72939093,Wed Jun 26 23:52:22 +0000 2019
34.1722,-118.378,Wed Jun 26 23:52:38 +0000 2019
37.61481545,-122.38491785,Wed Jun 26 23:52:40 +0000 2019
34.1009554,-118.3258303,Wed Jun 26 23:52:48 +0000 2019
34.13614481,-118.35386879,Wed Jun 26 23:53:13 +0000 2019
34.0931206,-117.6002197,Wed Jun 26 23:53:19 +0000 2019
33.61298056,-117.72781342,Wed Jun 26 23:53:21 +0000 2019
34.0735515,-118.2114805,Wed Jun 26 23:53:40 +0000 2019
34.18703717,-118.60110521,Wed Jun 26 23:53:47 +0000 2019
33.5258987,-117.1538201,Wed Jun 26 23:53:50 +0000 2019
34.05,-118.25,Wed Jun 26 23:53:59 +0000 2019
33.6800301,-117.6667127,Wed Jun 26 23:54:02 +0000 2019
34.0522,-118.243,Wed Jun 26 23:54:11 +0000 2019
34.14823023,-118.14807914,Wed Jun 26 23:54:25 +0000 2019
33.9431,-117.228,Wed Jun 26 23:54:43 +0000 2019
34.0953,-117.5764,Wed Jun 26 23:54:51 +0000 2019
37.3813444,-122.1802812,Wed Jun 26 23:54:51 +0000 2019
33.7692,-118.1938,Wed Jun 26 23:54:55 +0000 2019
34.04536,-118.23733,Wed Jun 26 23:55:03 +0000 2019
34.07347,-118.40033,Wed Jun 26 23:55:05 +0000 2019
33.9431,-117.228,Wed Jun 26 23:55:14 +0000 2019
34.06896166,-118.40247127,Wed Jun 26 23:55:22 +0000 2019
34.0534899,-118.24532,Wed Jun 26 23:55:22 +0000 2019
34.0522,-118.243,Wed Jun 26 23:55:33 +0000 2019
34.0522,-118.243,Wed Jun 26 23:55:37 +0000 2019
34.09588,-118.37095,Wed Jun 26 23:55:39 +0000 2019
34.0522,-118.243,Wed Jun 26 23:55:40 +0000 2019
34.10190844,-118.34088564,Wed Jun 26 23:55:48 +0000 2019
33.9011405,-117.7959713,Wed Jun 26 23:55:50 +0000 2019
34.1217549,-117.7384389,Wed Jun 26 23:55:52 +0000 2019
33.6839473,-117.7946942,Wed Jun 26 23:55:56 +0000 2019
34.05378,-118.40173,Wed Jun 26 23:56:15 +0000 2019
34.04580395,-118.26707441,Wed Jun 26 23:56:16 +0000 2019
33.8048625,-118.32481873,Wed Jun 26 23:56:19 +0000 2019
33.77996576,-118.11385505,Wed Jun 26 23:56:33 +0000 2019
34.56684,-118.6861,Wed Jun 26 23:56:39 +0000 2019
33.9182,-117.8994,Wed Jun 26 23:56:41 +0000 2019
33.61947,-117.67756,Wed Jun 26 23:56:43 +0000 2019
33.99779,-118.25095,Wed Jun 26 23:56:45 +0000 2019
34.4044113,-118.5706019,Wed Jun 26 23:56:50 +0000 2019
33.80789,-117.92321,Wed Jun 26 23:57:10 +0000 2019
34.08882564,-118.39724912,Wed Jun 26 23:57:28 +0000 2019
33.97498,-118.0458,Wed Jun 26 23:57:35 +0000 2019
34.10272,-118.32715,Wed Jun 26 23:57:57 +0000 2019
33.9314689,-117.9681624,Wed Jun 26 23:58:05 +0000 2019
33.69281151,-117.882256,Wed Jun 26 23:58:07 +0000 2019
33.909612,-117.45699,Wed Jun 26 23:58:49 +0000 2019
33.7709022,-118.1922351,Wed Jun 26 23:58:58 +0000 2019
33.9433,-118.406,Wed Jun 26 23:59:02 +0000 2019
34.0486663,-118.2404983,Wed Jun 26 23:59:08 +0000 2019
34.01763039,-118.40145065,Wed Jun 26 23:59:11 +0000 2019
34.2715243,-118.7692715,Wed Jun 26 23:59:28 +0000 2019
34.18502763,-118.12187084,Wed Jun 26 23:59:32 +0000 2019
33.9816,-118.2192,Wed Jun 26 23:59:33 +0000 2019
33.812359,-117.9245149,Wed Jun 26 23:59:36 +0000 2019
33.6841,-117.793,Wed Jun 26 23:59:42 +0000 2019
34.06669889,-118.38544755,Wed Jun 26 23:59:51 +0000 2019
33.6016667,-116.8068333,Thu Jun 27 00:00:01 +0000 2019
33.67838094,-117.84972489,Thu Jun 27 00:00:02 +0000 2019
34.0258841,-118.4185887,Thu Jun 27 00:00:02 +0000 2019
34.39916,-118.91815,Thu Jun 27 00:00:03 +0000 2019
33.7780067,-117.9920981,Thu Jun 27 00:00:19 +0000 2019
33.8249571,-117.8346229,Thu Jun 27 00:00:24 +0000 2019
34.0522,-118.243,Thu Jun 27 00:00:27 +0000 2019
34.56375675,-118.16574021,Thu Jun 27 00:00:35 +0000 2019
33.86036263,-118.38841958,Thu Jun 27 00:00:36 +0000 2019
37.6201981,-122.3892783,Thu Jun 27 00:00:38 +0000 2019
34.0131574,-118.495576,Thu Jun 27 00:00:40 +0000 2019
33.72591311,-117.89699511,Thu Jun 27 00:00:45 +0000 2019
34.1465,-118.2539,Thu Jun 27 00:01:01 +0000 2019
34.0905,-118.1279,Thu Jun 27 00:01:04 +0000 2019
34.2561,-118.4203,Thu Jun 27 00:01:10 +0000 2019
34.0941,-117.9709,Thu Jun 27 00:01:13 +0000 2019
34.0522,-118.243,Thu Jun 27 00:01:14 +0000 2019
33.9704,-118.1852,Thu Jun 27 00:01:15 +0000 2019
33.9656,-118.1519,Thu Jun 27 00:01:16 +0000 2019
33.8879,-118.1274,Thu Jun 27 00:01:16 +0000 2019
32.8383,-116.8685,Thu Jun 27 00:01:18 +0000 2019
33.356,-117.3977,Thu Jun 27 00:01:19 +0000 2019
34.1694581,-118.5342363,Thu Jun 27 00:01:20 +0000 2019
34.1977,-118.6018,Thu Jun 27 00:01:21 +0000 2019
34.4228,-118.4712,Thu Jun 27 00:01:21 +0000 2019
34.03847,-118.36232,Thu Jun 27 00:01:23 +0000 2019
33.8231,-118.267,Thu Jun 27 00:01:23 +0000 2019
33.8673,-118.0676,Thu Jun 27 00:01:24 +0000 2019
33.6841,-117.793,Thu Jun 27 00:01:27 +0000 2019
34.0123,-117.6883,Thu Jun 27 00:01:27 +0000 2019
33.9508,-117.7322,Thu Jun 27 00:01:28 +0000 2019
34.0197,-117.9577,Thu Jun 27 00:01:31 +0000 2019
34.01158,-118.49227,Thu Jun 27 00:01:32 +0000 2019
34.0027,-117.2405,Thu Jun 27 00:01:32 +0000 2019
34.0246,-118.1574,Thu Jun 27 00:01:33 +0000 2019
33.8794,-118.2368,Thu Jun 27 00:01:33 +0000 2019
36.0804,-119.5399,Thu Jun 27 00:01:35 +0000 2019
33.8752,-117.5655,Thu Jun 27 00:01:36 +0000 2019
37.305,-122.0946,Thu Jun 27 00:01:40 +0000 2019
34.1722,-118.378,Thu Jun 27 00:01:41 +0000 2019
35.2367,-118.9209,Thu Jun 27 00:01:43 +0000 2019
34.1473,-117.2598,Thu Jun 27 00:01:44 +0000 2019
32.7856,-116.8874,Thu Jun 27 00:01:45 +0000 2019
34.03742524,-118.24874042,Thu Jun 27 00:01:46 +0000 2019
34.0769,-118.0327,Thu Jun 27 00:01:46 +0000 2019
34.0922,-117.4612,Thu Jun 27 00:01:50 +0000 2019
33.7377,-118.2913,Thu Jun 27 00:01:51 +0000 2019
33.99825,-118.24798,Thu Jun 27 00:01:53 +0000 2019
37.0418,-121.4684,Thu Jun 27 00:01:54 +0000 2019
34.05373624,-118.46280072,Thu Jun 27 00:01:56 +0000 2019
34.0312,-117.3135,Thu Jun 27 00:01:56 +0000 2019
33.9955,-117.9764,Thu Jun 27 00:01:57 +0000 2019
36.2869,-119.6218,Thu Jun 27 00:01:58 +0000 2019
34.2561,-118.4203,Thu Jun 27 00:01:58 +0000 2019
33.9143,-118.3494,Thu Jun 27 00:01:59 +0000 2019
33.68948,-117.9365113,Thu Jun 27 00:02:00 +0000 2019
34.0453,-118.1857,Thu Jun 27 00:02:01 +0000 2019
34.4264,-117.3001,Thu Jun 27 00:02:02 +0000 2019
34.7349,-118.1508,Thu Jun 27 00:02:03 +0000 2019
34.1146,-118.1918,Thu Jun 27 00:02:03 +0000 2019
34.0522,-118.243,Thu Jun 27 00:02:04 +0000 2019
33.9143,-118.3494,Thu Jun 27 00:02:05 +0000 2019
33.9143,-118.3494,Thu Jun 27 00:02:06 +0000 2019
33.9421,-117.9517,Thu Jun 27 00:02:09 +0000 2019
34.0289,-117.9371,Thu Jun 27 00:02:10 +0000 2019
34.03847,-118.36232,Thu Jun 27 00:02:10 +0000 2019
34.3277,-118.3895,Thu Jun 27 00:02:14 +0000 2019
33.8495,-118.1473,Thu Jun 27 00:02:15 +0000 2019
34.0522,-118.243,Thu Jun 27 00:02:17 +0000 2019
34.608,-120.3646,Thu Jun 27 00:02:18 +0000 2019
33.7753,-118.186,Thu Jun 27 00:02:18 +0000 2019
33.9733,-118.2487,Thu Jun 27 00:02:19 +0000 2019
34.1433998,-118.7027134,Thu Jun 27 00:02:20 +0000 2019
33.9236,-118.2003,Thu Jun 27 00:02:20 +0000 2019
34.0034,-118.4328,Thu Jun 27 00:02:23 +0000 2019
34.073597,-118.209627,Thu Jun 27 00:02:24 +0000 2019
39.3125,-123.7473,Thu Jun 27 00:02:25 +0000 2019
37.2829,-120.4535,Thu Jun 27 00:02:25 +0000 2019
37.4486,-121.8587,Thu Jun 27 00:02:26 +0000 2019
34.0753,-117.6972,Thu Jun 27 00:02:28 +0000 2019
37.305,-122.0946,Thu Jun 27 00:02:29 +0000 2019
34.0167,-118.1107,Thu Jun 27 00:02:30 +0000 2019
36.5816,-121.8436,Thu Jun 27 00:02:31 +0000 2019
33.8879,-117.225,Thu Jun 27 00:02:31 +0000 2019
38.3929,-122.2917,Thu Jun 27 00:02:34 +0000 2019
34.0522,-118.243,Thu Jun 27 00:02:35 +0000 2019
34.0447364,-118.2523677,Thu Jun 27 00:02:36 +0000 2019
34.2386,-118.4807,Thu Jun 27 00:02:36 +0000 2019
34.1679,-118.3721,Thu Jun 27 00:02:37 +0000 2019
33.8652,-118.1804,Thu Jun 27 00:02:37 +0000 2019
34.2385,-118.5501,Thu Jun 27 00:02:38 +0000 2019
33.9069,-118.082,Thu Jun 27 00:02:39 +0000 2019
34.0763,-118.3112,Thu Jun 27 00:02:40 +0000 2019
34.0635,-117.6503,Thu Jun 27 00:02:42 +0000 2019
34.2072,-119.1698,Thu Jun 27 00:02:43 +0000 2019
33.73427954,-117.19995386,Thu Jun 27 00:02:44 +0000 2019
34.2561,-118.4203,Thu Jun 27 00:02:44 +0000 2019
34.10190844,-118.34088564,Thu Jun 27 00:02:44 +0000 2019
33.8563,-116.5712,Thu Jun 27 00:02:46 +0000 2019
34.4834,-118.0804,Thu Jun 27 00:02:46 +0000 2019
34.2243,-118.4446,Thu Jun 27 00:02:47 +0000 2019
33.9583299,-118.39423,Thu Jun 27 00:02:47 +0000 2019
33.8963,-118.1642,Thu Jun 27 00:02:48 +0000 2019
37.305,-122.0946,Thu Jun 27 00:02:48 +0000 2019
34.0419,-117.7548,Thu Jun 27 00:02:49 +0000 2019
33.9895,-118.0913,Thu Jun 27 00:02:50 +0000 2019
38.51,-122.93,Thu Jun 27 00:02:51 +0000 2019
34.0419,-117.7548,Thu Jun 27 00:02:52 +0000 2019
36.0318,-118.9656,Thu Jun 27 00:02:53 +0000 2019
34.137,-117.5982,Thu Jun 27 00:02:55 +0000 2019
40.5977,-122.4677,Thu Jun 27 00:02:56 +0000 2019
34.1109,-117.3774,Thu Jun 27 00:02:58 +0000 2019
34.2011,-118.5406,Thu Jun 27 00:02:57 +0000 2019
33.9951,-117.3732,Thu Jun 27 00:03:00 +0000 2019
33.9833,-118.4574,Thu Jun 27 00:03:00 +0000 2019
34.7192,-117.8846,Thu Jun 27 00:03:01 +0000 2019
34.0646,-118.0833,Thu Jun 27 00:03:01 +0000 2019
34.0033,-117.4461,Thu Jun 27 00:03:03 +0000 2019
34.20592923,-118.49865288,Thu Jun 27 00:03:04 +0000 2019
34.1054,-117.2912,Thu Jun 27 00:03:06 +0000 2019
35.2383,-120.6214,Thu Jun 27 00:03:10 +0000 2019
33.9191799,-118.4164652,Thu Jun 27 00:03:10 +0000 2019
33.7377,-118.2913,Thu Jun 27 00:03:12 +0000 2019
34.0522,-118.243,Thu Jun 27 00:03:14 +0000 2019
34.446,-118.517,Thu Jun 27 00:03:15 +0000 2019
34.9452,-120.3895,Thu Jun 27 00:03:16 +0000 2019
34.2386,-118.4807,Thu Jun 27 00:03:17 +0000 2019
33.7680875,-118.1751669,Thu Jun 27 00:03:18 +0000 2019
34.2707,-118.7905,Thu Jun 27 00:03:19 +0000 2019
33.949,-118.202,Thu Jun 27 00:03:19 +0000 2019
38.3929,-122.2917,Thu Jun 27 00:03:21 +0000 2019
39.1825,-121.79,Thu Jun 27 00:03:27 +0000 2019
34.3277,-118.3895,Thu Jun 27 00:03:27 +0000 2019
34.1585,-118.5493,Thu Jun 27 00:03:29 +0000 2019
33.7377,-118.2913,Thu Jun 27 00:03:29 +0000 2019
37.7546,-121.3694,Thu Jun 27 00:03:30 +0000 2019
36.1798,-119.3666,Thu Jun 27 00:03:32 +0000 2019
34.0522,-118.243,Thu Jun 27 00:03:32 +0000 2019
34.608,-120.3646,Thu Jun 27 00:03:35 +0000 2019
34.3488,-119.3304,Thu Jun 27 00:03:36 +0000 2019
34.483,-117.3763,Thu Jun 27 00:03:36 +0000 2019
36.2961,-119.382,Thu Jun 27 00:03:37 +0000 2019
33.977,-118.2172,Thu Jun 27 00:03:39 +0000 2019
33.9489,-118.247,Thu Jun 27 00:03:40 +0000 2019
33.7841,-118.2613,Thu Jun 27 00:03:43 +0000 2019
34.0555,-117.1821,Thu Jun 27 00:03:43 +0000 2019
33.5226,-117.7157,Thu Jun 27 00:03:43 +0000 2019
34.7349,-118.1508,Thu Jun 27 00:03:43 +0000 2019
36.0318,-118.9656,Thu Jun 27 00:03:44 +0000 2019
34.08131972,-118.38522695,Thu Jun 27 00:04:13 +0000 2019
33.6832497,-117.8340735,Thu Jun 27 00:04:20 +0000 2019
34.0522,-118.243,Thu Jun 27 00:04:34 +0000 2019
33.81502931,-117.92042254,Thu Jun 27 00:04:42 +0000 2019
34.3799376,-118.53130653,Thu Jun 27 00:04:56 +0000 2019
33.98596191,-117.74988625,Thu Jun 27 00:05:12 +0000 2019
33.98270922,-117.37173639,Thu Jun 27 00:05:24 +0000 2019
34.0522,-118.243,Thu Jun 27 00:05:28 +0000 2019
33.8409696,-118.3520389,Thu Jun 27 00:06:10 +0000 2019
33.67,-117.78,Thu Jun 27 00:06:18 +0000 2019
34.16504113,-118.40453629,Thu Jun 27 00:06:24 +0000 2019
37.47001232,-122.31052076,Thu Jun 27 00:06:38 +0000 2019
34.11194,-118.19806,Thu Jun 27 00:06:40 +0000 2019
34.0522342,-118.2436849,Thu Jun 27 00:06:44 +0000 2019
34.05196,-118.4494,Thu Jun 27 00:06:44 +0000 2019
34.2384974,-118.5551247,Thu Jun 27 00:06:48 +0000 2019
34.1,-118.33333333,Thu Jun 27 00:06:49 +0000 2019
34.0522342,-118.2436849,Thu Jun 27 00:06:51 +0000 2019
33.99975,-118.25037,Thu Jun 27 00:06:59 +0000 2019
34.0211224,-118.3964665,Thu Jun 27 00:07:10 +0000 2019
34.10287002,-118.29191077,Thu Jun 27 00:07:12 +0000 2019
34.0162,-118.822,Thu Jun 27 00:07:12 +0000 2019
33.66333831,-117.9893301,Thu Jun 27 00:07:43 +0000 2019
34.0953,-117.5764,Thu Jun 27 00:07:44 +0000 2019
33.942916,-118.408649,Thu Jun 27 00:07:45 +0000 2019
34.0522,-118.243,Thu Jun 27 00:07:46 +0000 2019
33.7678719,-117.8350983,Thu Jun 27 00:07:51 +0000 2019
33.8030716,-118.0725641,Thu Jun 27 00:07:54 +0000 2019
33.6193333,-116.7918333,Thu Jun 27 00:08:02 +0000 2019
34.0259216,-118.7797571,Thu Jun 27 00:08:11 +0000 2019
34.1902145,-118.44849832,Thu Jun 27 00:08:25 +0000 2019
34.0522,-118.243,Thu Jun 27 00:08:31 +0000 2019
33.80017431,-117.88284453,Thu Jun 27 00:08:40 +0000 2019
34.2425,-118.67583333,Thu Jun 27 00:08:45 +0000 2019
34.0522,-118.243,Thu Jun 27 00:08:51 +0000 2019
34.445859,-119.24546574,Thu Jun 27 00:08:58 +0000 2019
33.96030044,-118.37799166,Thu Jun 27 00:09:08 +0000 2019
34.0522,-118.243,Thu Jun 27 00:09:08 +0000 2019
34.07008045,-118.44544795,Thu Jun 27 00:09:17 +0000 2019
32.87673712,-116.84820414,Thu Jun 27 00:10:07 +0000 2019
33.94214632,-118.34304062,Thu Jun 27 00:10:18 +0000 2019
33.6189101,-117.9289469,Thu Jun 27 00:10:21 +0000 2019
34.0522,-118.243,Thu Jun 27 00:10:40 +0000 2019
34.1808392,-118.3089661,Thu Jun 27 00:10:42 +0000 2019
34.03742524,-118.24874042,Thu Jun 27 00:10:45 +0000 2019
34.0522,-118.243,Thu Jun 27 00:10:51 +0000 2019
34.00635255,-118.45936181,Thu Jun 27 00:10:57 +0000 2019
33.8961349,-118.215427,Thu Jun 27 00:11:15 +0000 2019
33.6283393,-117.908923,Thu Jun 27 00:11:18 +0000 2019
34.0522,-118.243,Thu Jun 27 00:11:27 +0000 2019
34.0522,-118.243,Thu Jun 27 00:11:28 +0000 2019
34.38154519,-118.54252605,Thu Jun 27 00:11:32 +0000 2019
37.50667751,-119.63020913,Thu Jun 27 00:11:35 +0000 2019
34.14531,-118.39605,Thu Jun 27 00:12:07 +0000 2019
33.99812,-118.24837,Thu Jun 27 00:12:09 +0000 2019
33.8852183,-118.4099429,Thu Jun 27 00:12:11 +0000 2019
34.0522,-118.243,Thu Jun 27 00:12:18 +0000 2019
33.945464,-118.331548,Thu Jun 27 00:12:24 +0000 2019
34.0522,-118.243,Thu Jun 27 00:12:28 +0000 2019
33.9431,-117.228,Thu Jun 27 00:12:30 +0000 2019
34.19649364,-118.35201089,Thu Jun 27 00:12:30 +0000 2019
34.0522,-118.243,Thu Jun 27 00:12:34 +0000 2019
34.0522,-118.243,Thu Jun 27 00:12:40 +0000 2019
36.3258098,-119.6069423,Thu Jun 27 00:12:42 +0000 2019
34.02113212,-118.28533683,Thu Jun 27 00:12:44 +0000 2019
34.16931,-118.39613,Thu Jun 27 00:12:46 +0000 2019
34.0622968,-118.4479471,Thu Jun 27 00:12:48 +0000 2019
33.81502931,-117.92042254,Thu Jun 27 00:12:52 +0000 2019
33.9913,-118.4589,Thu Jun 27 00:13:17 +0000 2019
33.9191799,-118.4164652,Thu Jun 27 00:13:21 +0000 2019
33.80308194,-118.16487651,Thu Jun 27 00:13:29 +0000 2019
34.0522342,-118.2436849,Thu Jun 27 00:13:31 +0000 2019
32.8402117,-116.7056518,Thu Jun 27 00:13:41 +0000 2019
33.9191799,-118.4164652,Thu Jun 27 00:13:41 +0000 2019
38.51,-122.93,Thu Jun 27 00:13:44 +0000 2019
34.0483513,-118.2551804,Thu Jun 27 00:14:04 +0000 2019
34.094475,-118.374352,Thu Jun 27 00:14:10 +0000 2019
33.859229,-118.0900145,Thu Jun 27 00:14:21 +0000 2019
33.9431,-117.228,Thu Jun 27 00:14:28 +0000 2019
34.5827699,-117.409215,Thu Jun 27 00:14:33 +0000 2019
34.11194309,-118.33861989,Thu Jun 27 00:14:37 +0000 2019
34.0098856,-118.4963521,Thu Jun 27 00:14:39 +0000 2019
34.0828,-118.238,Thu Jun 27 00:14:42 +0000 2019
34.141417,-118.349771,Thu Jun 27 00:14:49 +0000 2019
33.812561,-118.1933212,Thu Jun 27 00:14:49 +0000 2019
34.6195,-117.41933333,Thu Jun 27 00:15:05 +0000 2019
34.0098856,-118.4963521,Thu Jun 27 00:15:06 +0000 2019
33.9431,-117.228,Thu Jun 27 00:15:16 +0000 2019
34.03277,-118.44397,Thu Jun 27 00:15:19 +0000 2019
34.13364484,-117.61711285,Thu Jun 27 00:15:20 +0000 2019
33.0205422,-117.1136497,Thu Jun 27 00:15:21 +0000 2019
34.0522342,-118.2436849,Thu Jun 27 00:15:31 +0000 2019
33.7455731,-117.8678338,Thu Jun 27 00:15:32 +0000 2019
34.0522,-118.243,Thu Jun 27 00:15:43 +0000 2019
34.0522,-118.243,Thu Jun 27 00:15:45 +0000 2019
34.0522,-118.243,Thu Jun 27 00:16:07 +0000 2019
34.13159,-118.26463,Thu Jun 27 00:16:16 +0000 2019
36.5785,-118.292,Thu Jun 27 00:16:18 +0000 2019
34.05956,-118.41771,Thu Jun 27 00:16:48 +0000 2019
34.1063989,-117.5931084,Thu Jun 27 00:16:52 +0000 2019
34.01532714,-118.3473936,Thu Jun 27 00:17:07 +0000 2019
33.99719,-118.24911,Thu Jun 27 00:17:13 +0000 2019
34.11914967,-118.19380528,Thu Jun 27 00:17:40 +0000 2019
34.04353339,-118.26976757,Thu Jun 27 00:17:40 +0000 2019
33.9481,-117.396,Thu Jun 27 00:17:41 +0000 2019
33.9533487,-117.3961564,Thu Jun 27 00:17:42 +0000 2019
33.9481,-117.396,Thu Jun 27 00:17:44 +0000 2019
34.24186533,-119.26452375,Thu Jun 27 00:17:46 +0000 2019
34.10175025,-118.33462866,Thu Jun 27 00:17:46 +0000 2019
34.09823,-118.36447,Thu Jun 27 00:17:47 +0000 2019
34.0697289,-118.2258911,Thu Jun 27 00:18:17 +0000 2019
34.11194,-118.19806,Thu Jun 27 00:18:19 +0000 2019
34.1722,-118.378,Thu Jun 27 00:18:23 +0000 2019
34.4166,-118.506,Thu Jun 27 00:18:28 +0000 2019
34.04111,-118.2541,Thu Jun 27 00:18:33 +0000 2019
34.0223618,-118.2726517,Thu Jun 27 00:18:39 +0000 2019
33.9719826,-118.4265872,Thu Jun 27 00:18:41 +0000 2019
33.9024755,-118.3608959,Thu Jun 27 00:18:42 +0000 2019
33.50626201,-117.14489937,Thu Jun 27 00:19:04 +0000 2019
38.40946013,-122.88309286,Thu Jun 27 00:19:07 +0000 2019
34.10552,-117.56949,Thu Jun 27 00:19:17 +0000 2019
37.3813444,-122.1802812,Thu Jun 27 00:19:22 +0000 2019
34.03691,-118.2944,Thu Jun 27 00:19:22 +0000 2019
34.0076502,-118.49965749,Thu Jun 27 00:19:26 +0000 2019
34.1057856,-118.34949247,Thu Jun 27 00:19:41 +0000 2019
34.043335,-117.5090027,Thu Jun 27 00:20:01 +0000 2019
34.043335,-117.5090027,Thu Jun 27 00:20:01 +0000 2019
33.80839609,-117.91997103,Thu Jun 27 00:20:02 +0000 2019
34.581,-118.101,Thu Jun 27 00:20:05 +0000 2019
34.0522,-118.243,Thu Jun 27 00:20:10 +0000 2019
34.0307274,-118.2301178,Thu Jun 27 00:20:22 +0000 2019
33.56969,-117.76216,Thu Jun 27 00:20:45 +0000 2019
34.37682585,-117.69169845,Thu Jun 27 00:20:51 +0000 2019
33.8862137,-118.2289659,Thu Jun 27 00:20:52 +0000 2019
34.0304,-118.779,Thu Jun 27 00:20:52 +0000 2019
34.1,-118.33333333,Thu Jun 27 00:21:01 +0000 2019
34.38340429,-118.56925234,Thu Jun 27 00:21:01 +0000 2019
34.0522,-118.243,Thu Jun 27 00:21:04 +0000 2019
34.10074,-118.3293,Thu Jun 27 00:21:10 +0000 2019
38.25557864,-122.33516963,Thu Jun 27 00:21:14 +0000 2019
33.8169599,-118.0372852,Thu Jun 27 00:21:21 +0000 2019
34.1722449,-118.440308,Thu Jun 27 00:21:26 +0000 2019
34.01650092,-118.49709881,Thu Jun 27 00:21:28 +0000 2019
34.09012323,-118.39253685,Thu Jun 27 00:21:34 +0000 2019
34.02669423,-118.32111167,Thu Jun 27 00:21:35 +0000 2019
34.0701278,-117.9368515,Thu Jun 27 00:21:38 +0000 2019
33.81502931,-117.92042254,Thu Jun 27 00:21:42 +0000 2019
33.8733037,-117.9307584,Thu Jun 27 00:21:43 +0000 2019
34.00036,-118.24728,Thu Jun 27 00:22:18 +0000 2019
34.1722,-118.378,Thu Jun 27 00:22:41 +0000 2019
34.13223,-118.26373,Thu Jun 27 00:22:45 +0000 2019
33.61695,-117.93033,Thu Jun 27 00:22:49 +0000 2019
34.09491,-117.64803,Thu Jun 27 00:22:58 +0000 2019
34.2218325,-118.23786,Thu Jun 27 00:23:02 +0000 2019
33.4936391,-117.1483648,Thu Jun 27 00:23:02 +0000 2019
34.20577858,-118.49865127,Thu Jun 27 00:23:03 +0000 2019
33.7591743,-117.9858246,Thu Jun 27 00:23:04 +0000 2019
34.1172361,-118.0244639,Thu Jun 27 00:23:05 +0000 2019
34.07618889,-118.33348056,Thu Jun 27 00:23:05 +0000 2019
34.1516,-118.782,Thu Jun 27 00:23:07 +0000 2019
33.9161,-118.369,Thu Jun 27 00:23:18 +0000 2019
34.09749821,-118.27511387,Thu Jun 27 00:23:26 +0000 2019
34.01158,-118.49227,Thu Jun 27 00:23:26 +0000 2019
34.0522,-118.243,Thu Jun 27 00:23:35 +0000 2019
34.07347,-118.40033,Thu Jun 27 00:23:48 +0000 2019
33.9239277,-118.2451528,Thu Jun 27 00:24:02 +0000 2019
34.07573156,-117.54888709,Thu Jun 27 00:24:15 +0000 2019
34.0555,-117.1821,Thu Jun 27 00:24:19 +0000 2019
34.0264684,-118.3942793,Thu Jun 27 00:24:21 +0000 2019
33.8358492,-118.3406288,Thu Jun 27 00:24:42 +0000 2019
34.193374,-118.62378,Thu Jun 27 00:25:11 +0000 2019
34.0522,-118.243,Thu Jun 27 00:25:24 +0000 2019
34.2039087,-118.2935891,Thu Jun 27 00:25:32 +0000 2019
33.83134386,-118.16283048,Thu Jun 27 00:25:52 +0000 2019
34.0522,-118.243,Thu Jun 27 00:25:53 +0000 2019
34.13767425,-118.35439145,Thu Jun 27 00:25:54 +0000 2019
34.0398331,-117.5108337,Thu Jun 27 00:26:02 +0000 2019
34.0398331,-117.5108337,Thu Jun 27 00:26:02 +0000 2019
33.7932231,-118.333676,Thu Jun 27 00:26:22 +0000 2019
34.1722,-118.378,Thu Jun 27 00:26:23 +0000 2019
33.81502931,-117.92042254,Thu Jun 27 00:26:31 +0000 2019
34.0522342,-118.2436849,Thu Jun 27 00:26:32 +0000 2019
33.530904,-117.1489892,Thu Jun 27 00:26:33 +0000 2019
34.1206608,-117.202613,Thu Jun 27 00:26:33 +0000 2019
34.22789144,-118.59964943,Thu Jun 27 00:26:33 +0000 2019
34.0522342,-118.2436849,Thu Jun 27 00:26:44 +0000 2019
33.7700504,-118.1937395,Thu Jun 27 00:26:52 +0000 2019
34.04457415,-118.26603215,Thu Jun 27 00:27:03 +0000 2019
33.91281933,-117.88201492,Thu Jun 27 00:27:06 +0000 2019
34.10190844,-118.34088564,Thu Jun 27 00:27:11 +0000 2019
33.883111,-118.0252622,Thu Jun 27 00:27:13 +0000 2019
34.02113212,-118.28533683,Thu Jun 27 00:27:20 +0000 2019
33.9166215,-117.2425065,Thu Jun 27 00:27:22 +0000 2019
34.06896166,-118.40247127,Thu Jun 27 00:27:25 +0000 2019
33.99985,-118.25056,Thu Jun 27 00:27:32 +0000 2019
34.0194543,-118.4911912,Thu Jun 27 00:27:43 +0000 2019
33.98599243,-117.74990248,Thu Jun 27 00:27:50 +0000 2019
34.04465066,-118.26470147,Thu Jun 27 00:27:56 +0000 2019
33.97498,-118.0458,Thu Jun 27 00:27:57 +0000 2019
34.0522342,-118.2436849,Thu Jun 27 00:28:02 +0000 2019
34.0522,-118.243,Thu Jun 27 00:28:05 +0000 2019
34.23495704,-118.58936992,Thu Jun 27 00:28:08 +0000 2019
33.8663,-118.4,Thu Jun 27 00:28:34 +0000 2019
34.09823,-118.36478,Thu Jun 27 00:28:42 +0000 2019
34.03847,-118.36232,Thu Jun 27 00:28:50 +0000 2019
33.81502931,-117.92042254,Thu Jun 27 00:28:52 +0000 2019
34.0953,-117.5764,Thu Jun 27 00:28:55 +0000 2019
33.97498,-118.0458,Thu Jun 27 00:28:55 +0000 2019
34.0181,-118.341,Thu Jun 27 00:29:00 +0000 2019
33.7700504,-118.1937395,Thu Jun 27 00:29:12 +0000 2019
34.0522,-118.243,Thu Jun 27 00:29:22 +0000 2019
34.28488189,-119.29593332,Thu Jun 27 00:29:25 +0000 2019
34.0522,-118.243,Thu Jun 27 00:29:25 +0000 2019
34.07328,-118.21645,Thu Jun 27 00:29:32 +0000 2019
34.27,-118.47,Thu Jun 27 00:29:42 +0000 2019
34.0304,-118.779,Thu Jun 27 00:29:57 +0000 2019
33.81224332,-117.9188776,Thu Jun 27 00:29:58 +0000 2019
37.2317,-119.235,Thu Jun 27 00:30:03 +0000 2019
33.7582,-118.364,Thu Jun 27 00:30:06 +0000 2019
34.0522,-118.243,Thu Jun 27 00:30:09 +0000 2019
37.7353,-122.3732,Thu Jun 27 00:30:22 +0000 2019
34.03847,-118.36232,Thu Jun 27 00:30:32 +0000 2019
34.2172447,-119.0555635,Thu Jun 27 00:30:33 +0000 2019
33.7692,-118.1938,Thu Jun 27 00:30:45 +0000 2019
33.80896285,-117.92438028,Thu Jun 27 00:30:52 +0000 2019
33.6179142,-117.9286261,Thu Jun 27 00:30:52 +0000 2019
33.63843607,-117.60705471,Thu Jun 27 00:31:09 +0000 2019
34.0522,-118.243,Thu Jun 27 00:31:10 +0000 2019
37.4722272,-121.2494574,Thu Jun 27 00:31:08 +0000 2019
34.1013939,-118.342741,Thu Jun 27 00:31:24 +0000 2019
33.97498,-118.0458,Thu Jun 27 00:31:31 +0000 2019
33.78759,-118.12437,Thu Jun 27 00:31:40 +0000 2019
33.5026602,-117.74214601,Thu Jun 27 00:31:46 +0000 2019
34.14988431,-118.33850204,Thu Jun 27 00:31:48 +0000 2019
34.0522,-118.243,Thu Jun 27 00:31:55 +0000 2019
34.01693,-118.49087,Thu Jun 27 00:32:15 +0000 2019
37.7353,-122.3732,Thu Jun 27 00:32:19 +0000 2019
33.81502931,-117.92042254,Thu Jun 27 00:32:23 +0000 2019
34.03847,-118.36232,Thu Jun 27 00:32:33 +0000 2019
34.67879529,-118.18288963,Thu Jun 27 00:32:33 +0000 2019
34.05196,-118.4494,Thu Jun 27 00:32:33 +0000 2019
33.99938,-118.25146,Thu Jun 27 00:32:40 +0000 2019
33.7700504,-118.1937395,Thu Jun 27 00:32:43 +0000 2019
33.79682901,-118.1230276,Thu Jun 27 00:33:12 +0000 2019
33.5315,-117.769,Thu Jun 27 00:33:13 +0000 2019
34.1975048,-119.1770516,Thu Jun 27 00:33:13 +0000 2019
35.426667,-116.89,Thu Jun 27 00:33:14 +0000 2019
34.0615058,-118.2993398,Thu Jun 27 00:33:16 +0000 2019
34.08404,-118.34368,Thu Jun 27 00:33:18 +0000 2019
33.95826183,-118.34198786,Thu Jun 27 00:33:26 +0000 2019
34.16668883,-118.03197142,Thu Jun 27 00:33:35 +0000 2019
37.88169778,-121.914155,Thu Jun 27 00:33:36 +0000 2019
34.03847,-118.36232,Thu Jun 27 00:33:49 +0000 2019
33.8101772,-118.3520389,Thu Jun 27 00:34:03 +0000 2019
34.0443143,-118.2128782,Thu Jun 27 00:34:10 +0000 2019
33.7457807,-117.8695951,Thu Jun 27 00:34:13 +0000 2019
37.0807823,-119.4854113,Thu Jun 27 00:34:19 +0000 2019
34.17694,-118.31777,Thu Jun 27 00:34:22 +0000 2019
34.03296031,-117.66495833,Thu Jun 27 00:34:27 +0000 2019
34.03847,-118.36232,Thu Jun 27 00:34:28 +0000 2019
38.51,-122.93,Thu Jun 27 00:34:32 +0000 2019
33.90091464,-118.38094218,Thu Jun 27 00:34:49 +0000 2019
34.15189,-118.35224,Thu Jun 27 00:34:50 +0000 2019
33.8703596,-117.9242966,Thu Jun 27 00:34:53 +0000 2019
34.04325837,-118.26590121,Thu Jun 27 00:35:03 +0000 2019
34.07347,-118.40033,Thu Jun 27 00:35:19 +0000 2019
33.80838,-117.92385,Thu Jun 27 00:35:24 +0000 2019
34.067699,-118.350907,Thu Jun 27 00:35:40 +0000 2019
34.05712,-117.75203,Thu Jun 27 00:35:42 +0000 2019
34.09444444,-118.2675,Thu Jun 27 00:35:55 +0000 2019
34.10043,-118.32981,Thu Jun 27 00:35:55 +0000 2019
34.0649,-117.322,Thu Jun 27 00:35:56 +0000 2019
33.81777119,-118.14563963,Thu Jun 27 00:36:14 +0000 2019
33.7700504,-118.1937395,Thu Jun 27 00:36:15 +0000 2019
33.81393214,-117.91795447,Thu Jun 27 00:36:20 +0000 2019
34.201536,-118.987012,Thu Jun 27 00:36:24 +0000 2019
34.03847,-118.36232,Thu Jun 27 00:36:25 +0000 2019
34.13977419,-118.60080823,Thu Jun 27 00:36:25 +0000 2019
34.0522,-118.243,Thu Jun 27 00:36:28 +0000 2019
33.5539143,-117.2139232,Thu Jun 27 00:36:33 +0000 2019
33.81151666,-117.91974335,Thu Jun 27 00:36:33 +0000 2019
34.01158,-118.49227,Thu Jun 27 00:36:36 +0000 2019
34.17694,-118.31777,Thu Jun 27 00:36:44 +0000 2019
36.51386125,-121.79572231,Thu Jun 27 00:36:45 +0000 2019
33.9382,-117.1274,Thu Jun 27 00:36:50 +0000 2019
33.90321,-118.329259,Thu Jun 27 00:36:54 +0000 2019
34.0522,-118.243,Thu Jun 27 00:36:54 +0000 2019
34.0107682,-118.4854781,Thu Jun 27 00:37:06 +0000 2019
33.55756825,-117.12935448,Thu Jun 27 00:37:26 +0000 2019
33.77426445,-118.16607159,Thu Jun 27 00:37:28 +0000 2019
33.8629603,-118.39900684,Thu Jun 27 00:37:29 +0000 2019
33.6638,-118.0076,Thu Jun 27 00:37:30 +0000 2019
34.03847,-118.36232,Thu Jun 27 00:37:34 +0000 2019
34.0633443,-117.6508876,Thu Jun 27 00:37:38 +0000 2019
33.99889,-118.24888,Thu Jun 27 00:37:45 +0000 2019
33.45901354,-117.69261057,Thu Jun 27 00:37:53 +0000 2019
34.274646,-119.2290316,Thu Jun 27 00:37:55 +0000 2019
34.2078,-117.108,Thu Jun 27 00:37:57 +0000 2019
34.17694,-118.31777,Thu Jun 27 00:38:03 +0000 2019
34.274646,-119.2290316,Thu Jun 27 00:38:06 +0000 2019
34.1509918,-118.44597708,Thu Jun 27 00:38:06 +0000 2019
34.0522,-118.243,Thu Jun 27 00:38:14 +0000 2019
33.8358492,-118.3406288,Thu Jun 27 00:38:16 +0000 2019
34.0522,-118.243,Thu Jun 27 00:38:16 +0000 2019
33.9424658,-117.2296717,Thu Jun 27 00:38:26 +0000 2019
34.0445219,-118.26512477,Thu Jun 27 00:38:29 +0000 2019
34.0300009,-118.3821946,Thu Jun 27 00:38:40 +0000 2019
34.02,-118.5,Thu Jun 27 00:38:43 +0000 2019
34.0522,-118.243,Thu Jun 27 00:38:48 +0000 2019
34.0522342,-118.2436849,Thu Jun 27 00:38:53 +0000 2019
34.0522,-118.243,Thu Jun 27 00:39:06 +0000 2019
33.81224332,-117.9188776,Thu Jun 27 00:39:16 +0000 2019
34.02915491,-118.41172827,Thu Jun 27 00:39:16 +0000 2019
34.0522,-118.243,Thu Jun 27 00:39:18 +0000 2019
34.03295224,-118.26577306,Thu Jun 27 00:39:19 +0000 2019
34.0786401,-118.3613451,Thu Jun 27 00:39:29 +0000 2019
33.85125,-118.39007,Thu Jun 27 00:39:34 +0000 2019
34.05028,-118.24568,Thu Jun 27 00:40:18 +0000 2019
34.09444444,-118.2675,Thu Jun 27 00:40:37 +0000 2019
34.15352654,-118.335753,Thu Jun 27 00:40:40 +0000 2019
37.03,-122.01,Thu Jun 27 00:40:43 +0000 2019
38.1635297,-121.1499447,Thu Jun 27 00:40:43 +0000 2019
33.945464,-118.331548,Thu Jun 27 00:40:53 +0000 2019
34.034819,-118.053989,Thu Jun 27 00:40:59 +0000 2019
33.79108,-118.27467,Thu Jun 27 00:41:05 +0000 2019
33.8882,-118.128,Thu Jun 27 00:41:17 +0000 2019
34.05598407,-118.23553899,Thu Jun 27 00:41:20 +0000 2019
34.1913,-119.182,Thu Jun 27 00:41:24 +0000 2019
34.2285782,-119.1548518,Thu Jun 27 00:41:24 +0000 2019
33.96856253,-118.09937418,Thu Jun 27 00:41:50 +0000 2019
34.4263886,-117.3008784,Thu Jun 27 00:41:55 +0000 2019
34.28037508,-119.29371858,Thu Jun 27 00:42:05 +0000 2019
33.7692,-118.1938,Thu Jun 27 00:42:07 +0000 2019
33.7609,-117.869,Thu Jun 27 00:42:09 +0000 2019
33.86020108,-118.18312013,Thu Jun 27 00:42:13 +0000 2019
34.085597,-118.3442049,Thu Jun 27 00:42:33 +0000 2019
34.2506356,-118.61481,Thu Jun 27 00:42:45 +0000 2019
34.0015,-118.24876,Thu Jun 27 00:42:50 +0000 2019
37.3813444,-122.1802812,Thu Jun 27 00:42:56 +0000 2019
34.0522,-118.243,Thu Jun 27 00:42:57 +0000 2019
34.20577938,-118.49826918,Thu Jun 27 00:43:03 +0000 2019
34.0522,-118.243,Thu Jun 27 00:43:08 +0000 2019
34.14476898,-118.37222832,Thu Jun 27 00:43:12 +0000 2019
34.1210865,-118.2738461,Thu Jun 27 00:43:16 +0000 2019
33.74657382,-118.10530186,Thu Jun 27 00:43:20 +0000 2019
33.9913,-118.4589,Thu Jun 27 00:43:24 +0000 2019
33.6601,-117.2994,Thu Jun 27 00:43:30 +0000 2019
33.9275,-118.27722,Thu Jun 27 00:43:35 +0000 2019
33.92687,-117.6567,Thu Jun 27 00:43:41 +0000 2019
33.50191863,-117.66273201,Thu Jun 27 00:43:50 +0000 2019
34.0522342,-118.2436849,Thu Jun 27 00:43:55 +0000 2019
34.193374,-118.62378,Thu Jun 27 00:43:55 +0000 2019
34.0522,-118.243,Thu Jun 27 00:44:04 +0000 2019
34.20805556,-118.6875,Thu Jun 27 00:44:15 +0000 2019
38.90451749,-121.31677638,Thu Jun 27 00:44:22 +0000 2019
34.0522342,-118.2436849,Thu Jun 27 00:44:27 +0000 2019
33.61695,-117.93033,Thu Jun 27 00:44:40 +0000 2019
34.0522,-118.243,Thu Jun 27 00:44:43 +0000 2019
33.69444287,-117.8264546,Thu Jun 27 00:44:54 +0000 2019
33.9191799,-118.4164652,Thu Jun 27 00:44:57 +0000 2019
32.9407,-116.872,Thu Jun 27 00:45:03 +0000 2019
37.77773014,-119.07578296,Thu Jun 27 00:45:03 +0000 2019
34.0847,-118.384,Thu Jun 27 00:45:04 +0000 2019
34.27594615,-119.26380849,Thu Jun 27 00:45:08 +0000 2019
33.76579188,-118.16715589,Thu Jun 27 00:45:11 +0000 2019
33.80028127,-117.88320919,Thu Jun 27 00:45:17 +0000 2019
34.09605252,-118.3466438,Thu Jun 27 00:45:21 +0000 2019
33.91565,-117.27067,Thu Jun 27 00:45:23 +0000 2019
33.6680772,-117.3272615,Thu Jun 27 00:45:25 +0000 2019
34.0522,-118.243,Thu Jun 27 00:45:26 +0000 2019
34.18837,-118.50507,Thu Jun 27 00:45:32 +0000 2019
33.9780775,-118.3940168,Thu Jun 27 00:45:33 +0000 2019
33.8998939,-117.6317494,Thu Jun 27 00:45:35 +0000 2019
33.6147846,-117.637617,Thu Jun 27 00:45:35 +0000 2019
34.02,-118.5,Thu Jun 27 00:45:48 +0000 2019
34.04457415,-118.26603215,Thu Jun 27 00:45:56 +0000 2019
34.1,-118.33333333,Thu Jun 27 00:45:56 +0000 2019
34.15107,-118.44434,Thu Jun 27 00:45:57 +0000 2019
34.01158,-118.49227,Thu Jun 27 00:46:09 +0000 2019
37.03,-122.01,Thu Jun 27 00:46:13 +0000 2019
33.94346675,-118.40661049,Thu Jun 27 00:46:27 +0000 2019
33.9845417,-117.5159449,Thu Jun 27 00:46:35 +0000 2019
34.0304,-118.779,Thu Jun 27 00:46:35 +0000 2019
33.85125,-118.39007,Thu Jun 27 00:46:35 +0000 2019
34.07347,-118.40033,Thu Jun 27 00:47:03 +0000 2019
34.0522342,-118.2436849,Thu Jun 27 00:47:05 +0000 2019
34.19954638,-118.46572822,Thu Jun 27 00:47:06 +0000 2019
34.1898566,-118.451357,Thu Jun 27 00:47:08 +0000 2019
34.10762671,-117.80429672,Thu Jun 27 00:47:20 +0000 2019
33.49297,-117.65664,Thu Jun 27 00:47:22 +0000 2019
34.0483474,-117.2611527,Thu Jun 27 00:47:33 +0000 2019
33.23329648,-116.76218744,Thu Jun 27 00:47:37 +0000 2019
34.0522,-118.243,Thu Jun 27 00:47:53 +0000 2019
33.99915,-118.24602,Thu Jun 27 00:47:58 +0000 2019
33.5033,-117.124,Thu Jun 27 00:48:05 +0000 2019
35.7455,-118.427,Thu Jun 27 00:48:05 +0000 2019
33.97907969,-118.03699463,Thu Jun 27 00:48:10 +0000 2019
33.7593,-118.082,Thu Jun 27 00:48:11 +0000 2019
34.1610793,-118.512341,Thu Jun 27 00:48:20 +0000 2019
34.05196,-118.4494,Thu Jun 27 00:48:30 +0000 2019
34.11732,-118.26212,Thu Jun 27 00:48:44 +0000 2019
34.0522,-118.243,Thu Jun 27 00:48:55 +0000 2019
33.9191799,-118.4164652,Thu Jun 27 00:48:56 +0000 2019
34.2783,-119.292,Thu Jun 27 00:49:07 +0000 2019
33.80904057,-117.92344417,Thu Jun 27 00:49:37 +0000 2019
34.15830687,-118.16968856,Thu Jun 27 00:49:51 +0000 2019
34.0522,-118.243,Thu Jun 27 00:49:54 +0000 2019
34.06613,-118.23285,Thu Jun 27 00:49:59 +0000 2019
34.0522,-118.243,Thu Jun 27 00:50:00 +0000 2019
34.03116,-118.27679,Thu Jun 27 00:50:28 +0000 2019
34.0522,-118.243,Thu Jun 27 00:50:29 +0000 2019
38.51,-122.93,Thu Jun 27 00:50:36 +0000 2019
33.9816,-118.2192,Thu Jun 27 00:50:41 +0000 2019
34.06011028,-117.5877529,Thu Jun 27 00:50:44 +0000 2019
34.2699821,-119.2490444,Thu Jun 27 00:50:45 +0000 2019
34.0522,-118.243,Thu Jun 27 00:50:57 +0000 2019
34.0522,-118.243,Thu Jun 27 00:51:03 +0000 2019
34.08362,-118.3303,Thu Jun 27 00:51:30 +0000 2019
33.99216,-118.28213,Thu Jun 27 00:51:34 +0000 2019
34.045368,-118.5517818,Thu Jun 27 00:51:35 +0000 2019
33.9913,-118.4589,Thu Jun 27 00:51:36 +0000 2019
34.0953,-117.5764,Thu Jun 27 00:51:42 +0000 2019
34.00836729,-118.4986304,Thu Jun 27 00:51:48 +0000 2019
33.74688901,-117.86989808,Thu Jun 27 00:51:56 +0000 2019
34.00836729,-118.4986304,Thu Jun 27 00:52:15 +0000 2019
34.0522,-118.243,Thu Jun 27 00:52:32 +0000 2019
34.0522,-118.243,Thu Jun 27 00:52:37 +0000 2019
34.00836729,-118.4986304,Thu Jun 27 00:52:40 +0000 2019
37.42102,-121.1529,Thu Jun 27 00:52:44 +0000 2019
34.04312,-118.26711,Thu Jun 27 00:53:00 +0000 2019
34.6824251,-118.0709657,Thu Jun 27 00:53:02 +0000 2019
33.99971,-118.25179,Thu Jun 27 00:53:07 +0000 2019
34.09763,-118.34278,Thu Jun 27 00:53:07 +0000 2019
34.07347,-118.40033,Thu Jun 27 00:53:28 +0000 2019
34.4166,-118.506,Thu Jun 27 00:53:32 +0000 2019
33.5315,-117.769,Thu Jun 27 00:53:35 +0000 2019
34.0522,-118.243,Thu Jun 27 00:53:51 +0000 2019
33.9810149,-118.0383015,Thu Jun 27 00:54:05 +0000 2019
34.0522,-118.243,Thu Jun 27 00:54:08 +0000 2019
33.6756401,-117.6672668,Thu Jun 27 00:54:25 +0000 2019
33.8074955,-117.8902082,Thu Jun 27 00:54:35 +0000 2019
33.8352932,-117.9145036,Thu Jun 27 00:54:37 +0000 2019
34.0131574,-118.495576,Thu Jun 27 00:54:44 +0000 2019
34.0522,-118.243,Thu Jun 27 00:54:51 +0000 2019
33.85125,-118.39007,Thu Jun 27 00:55:03 +0000 2019
34.23956703,-116.8715108,Thu Jun 27 00:55:05 +0000 2019
33.8317285,-118.2160848,Thu Jun 27 00:55:15 +0000 2019
33.6147846,-117.637617,Thu Jun 27 00:55:19 +0000 2019
34.10394029,-118.07315207,Thu Jun 27 00:55:24 +0000 2019
33.80017431,-117.88284453,Thu Jun 27 00:55:25 +0000 2019
34.0522,-118.243,Thu Jun 27 00:55:29 +0000 2019
34.07347,-118.40033,Thu Jun 27 00:55:33 +0000 2019
34.48557738,-118.2829267,Thu Jun 27 00:55:36 +0000 2019
34.0522342,-118.2436849,Thu Jun 27 00:55:37 +0000 2019
33.98539625,-118.47232331,Thu Jun 27 00:55:38 +0000 2019
37.62123917,-122.37573045,Thu Jun 27 00:55:39 +0000 2019
33.68856,-117.83386,Thu Jun 27 00:55:54 +0000 2019
33.9191799,-118.4164652,Thu Jun 27 00:55:56 +0000 2019
34.0522,-118.243,Thu Jun 27 00:56:05 +0000 2019
33.91565,-117.27067,Thu Jun 27 00:56:07 +0000 2019
33.5916433,-117.6986604,Thu Jun 27 00:56:45 +0000 2019
34.0522342,-118.2436849,Thu Jun 27 00:56:46 +0000 2019
34.2407,-119.264,Thu Jun 27 00:57:00 +0000 2019
34.0522,-118.243,Thu Jun 27 00:57:04 +0000 2019
34.0261,-117.6241,Thu Jun 27 00:57:28 +0000 2019
34.09444444,-118.2675,Thu Jun 27 00:57:28 +0000 2019
34.0522,-118.243,Thu Jun 27 00:57:30 +0000 2019
34.085597,-118.3442049,Thu Jun 27 00:57:54 +0000 2019
34.0522,-118.243,Thu Jun 27 00:57:56 +0000 2019
34.03742524,-118.24874042,Thu Jun 27 00:58:00 +0000 2019
34.00081,-118.25011,Thu Jun 27 00:58:12 +0000 2019
34.17287585,-118.5467795,Thu Jun 27 00:58:13 +0000 2019
34.0522,-118.243,Thu Jun 27 00:58:14 +0000 2019
33.6416,-117.691,Thu Jun 27 00:58:19 +0000 2019
34.0084,-118.495,Thu Jun 27 00:58:27 +0000 2019
40.8134774,-124.1460963,Thu Jun 27 00:58:35 +0000 2019
34.1861895,-118.6047735,Thu Jun 27 00:58:45 +0000 2019
33.6680772,-117.3272615,Thu Jun 27 00:58:49 +0000 2019
34.00897,-118.4158,Thu Jun 27 00:58:59 +0000 2019
34.0120229,-117.6786847,Thu Jun 27 00:59:00 +0000 2019
34.0522,-118.243,Thu Jun 27 00:59:07 +0000 2019
34.01158,-118.49227,Thu Jun 27 00:59:26 +0000 2019
33.68157,-117.84052,Thu Jun 27 00:59:29 +0000 2019
34.00897,-118.4158,Thu Jun 27 00:59:31 +0000 2019
34.4044113,-118.5706019,Thu Jun 27 00:59:36 +0000 2019
33.80762375,-117.9191409,Thu Jun 27 00:59:54 +0000 2019
40.3059999,-121.0057931,Thu Jun 27 00:59:56 +0000 2019
33.6845673,-117.8265049,Thu Jun 27 01:00:02 +0000 2019
34.2299672,-119.1733466,Thu Jun 27 01:00:08 +0000 2019
34.0522,-118.243,Thu Jun 27 01:00:11 +0000 2019
34.13831062,-118.35412645,Thu Jun 27 01:00:22 +0000 2019
34.030899,-118.3784866,Thu Jun 27 01:00:24 +0000 2019
34.0555,-117.1821,Thu Jun 27 01:00:37 +0000 2019
33.97907969,-118.03699463,Thu Jun 27 01:00:43 +0000 2019
34.144692,-118.391008,Thu Jun 27 01:00:55 +0000 2019
34.0953,-117.5764,Thu Jun 27 01:01:08 +0000 2019
34.0269,-118.27982,Thu Jun 27 01:01:15 +0000 2019
33.9822,-117.7324,Thu Jun 27 01:01:19 +0000 2019
34.075666,-117.4029578,Thu Jun 27 01:01:32 +0000 2019
33.85125,-118.39007,Thu Jun 27 01:01:36 +0000 2019
33.747899,-118.364607,Thu Jun 27 01:01:48 +0000 2019
34.0522,-118.243,Thu Jun 27 01:02:04 +0000 2019
34.02979,-118.2566,Thu Jun 27 01:02:10 +0000 2019
34.04951,-118.31513,Thu Jun 27 01:02:18 +0000 2019
34.01104,-118.49491,Thu Jun 27 01:02:46 +0000 2019
37.616713,-122.3870945,Thu Jun 27 01:02:53 +0000 2019
34.20592927,-118.49826571,Thu Jun 27 01:03:03 +0000 2019
34.0522,-118.243,Thu Jun 27 01:03:15 +0000 2019
33.9782,-117.904,Thu Jun 27 01:03:25 +0000 2019
34.04457415,-118.26603215,Thu Jun 27 01:03:42 +0000 2019
34.0522,-118.243,Thu Jun 27 01:03:46 +0000 2019
34.0976799,-118.32043,Thu Jun 27 01:03:50 +0000 2019
34.16291781,-118.28674189,Thu Jun 27 01:03:50 +0000 2019
34.0522342,-118.2436849,Thu Jun 27 01:03:57 +0000 2019
34.09172,-118.37673,Thu Jun 27 01:04:24 +0000 2019
34.0522,-118.243,Thu Jun 27 01:04:30 +0000 2019
34.01158,-118.49227,Thu Jun 27 01:04:46 +0000 2019
33.8025,-117.92,Thu Jun 27 01:04:57 +0000 2019
34.09538139,-118.37314716,Thu Jun 27 01:05:24 +0000 2019
34.10825,-118.40874,Thu Jun 27 01:05:25 +0000 2019
33.81502931,-117.92042254,Thu Jun 27 01:05:42 +0000 2019
33.79108,-118.27467,Thu Jun 27 01:06:06 +0000 2019
34.0522,-118.243,Thu Jun 27 01:06:01 +0000 2019
33.78930106,-117.91324011,Thu Jun 27 01:06:20 +0000 2019
34.0522,-118.243,Thu Jun 27 01:06:23 +0000 2019
34.12493,-118.44412,Thu Jun 27 01:06:26 +0000 2019
34.4166,-118.506,Thu Jun 27 01:06:28 +0000 2019
33.8208932,-117.8352847,Thu Jun 27 01:06:31 +0000 2019
37.82675356,-122.42191295,Thu Jun 27 01:06:38 +0000 2019
34.0522,-118.243,Thu Jun 27 01:06:53 +0000 2019
34.0522,-118.243,Thu Jun 27 01:06:57 +0000 2019
37.25285,-122.3834,Thu Jun 27 01:07:07 +0000 2019
34.0522,-118.243,Thu Jun 27 01:07:08 +0000 2019
33.9782,-117.904,Thu Jun 27 01:07:09 +0000 2019
34.0522,-118.243,Thu Jun 27 01:07:14 +0000 2019
33.85125,-118.39007,Thu Jun 27 01:07:18 +0000 2019
34.01158,-118.49227,Thu Jun 27 01:07:26 +0000 2019
34.01158,-118.49227,Thu Jun 27 01:07:37 +0000 2019
34.06636973,-118.41287076,Thu Jun 27 01:08:28 +0000 2019
33.89666667,-118.225,Thu Jun 27 01:08:31 +0000 2019
37.2411652,-121.6256638,Thu Jun 27 01:09:02 +0000 2019
37.2411652,-121.6256638,Thu Jun 27 01:09:02 +0000 2019
34.0522,-118.243,Thu Jun 27 01:09:04 +0000 2019
33.76869045,-118.12992878,Thu Jun 27 01:09:12 +0000 2019
34.1384,-118.661,Thu Jun 27 01:09:13 +0000 2019
34.00897,-118.4158,Thu Jun 27 01:09:31 +0000 2019
33.81819208,-118.38290731,Thu Jun 27 01:10:03 +0000 2019
33.94166667,-118.24166667,Thu Jun 27 01:10:04 +0000 2019
37.241,-121.626,Thu Jun 27 01:10:04 +0000 2019
33.66377747,-117.6442112,Thu Jun 27 01:10:08 +0000 2019
33.9213,-118.406,Thu Jun 27 01:10:09 +0000 2019
34.2425,-118.67583333,Thu Jun 27 01:10:17 +0000 2019
33.51874582,-117.02261318,Thu Jun 27 01:10:38 +0000 2019
34.0522,-118.243,Thu Jun 27 01:10:46 +0000 2019
33.83355265,-118.31007358,Thu Jun 27 01:11:06 +0000 2019
34.0994,-117.65101,Thu Jun 27 01:59:14 +0000 2019
34.0522,-118.243,Thu Jun 27 01:59:36 +0000 2019
33.70829394,-117.86222935,Thu Jun 27 01:59:43 +0000 2019
33.7465,-118.115,Thu Jun 27 02:00:04 +0000 2019
34.10172883,-118.33702039,Thu Jun 27 02:00:04 +0000 2019
34.14496674,-118.13643694,Thu Jun 27 02:00:07 +0000 2019
34.24064659,-119.26418048,Thu Jun 27 02:00:15 +0000 2019
34.0261,-117.6241,Thu Jun 27 02:00:17 +0000 2019
34.0522,-118.243,Thu Jun 27 02:00:36 +0000 2019
33.73787,-118.28461,Thu Jun 27 02:00:38 +0000 2019
34.0847,-118.384,Thu Jun 27 02:00:40 +0000 2019
33.81502931,-117.92042254,Thu Jun 27 02:00:42 +0000 2019
34.01765959,-118.48668997,Thu Jun 27 02:00:51 +0000 2019
34.07765293,-118.26012931,Thu Jun 27 02:00:59 +0000 2019
34.0522,-118.243,Thu Jun 27 02:01:35 +0000 2019
36.27069,-121.80815,Thu Jun 27 02:01:43 +0000 2019
34.00413,-118.43102,Thu Jun 27 02:01:50 +0000 2019
34.0522,-118.243,Thu Jun 27 02:02:00 +0000 2019
34.2425,-118.67583333,Thu Jun 27 02:02:13 +0000 2019
34.11060608,-118.19018485,Thu Jun 27 02:02:15 +0000 2019
33.6601,-117.2994,Thu Jun 27 02:02:40 +0000 2019
34.20638266,-118.49826659,Thu Jun 27 02:03:04 +0000 2019
37.65369352,-119.00033241,Thu Jun 27 02:03:39 +0000 2019
34.0522,-118.243,Thu Jun 27 02:03:58 +0000 2019
33.93580306,-118.07191372,Thu Jun 27 02:04:18 +0000 2019
33.68144921,-117.8842301,Thu Jun 27 02:04:20 +0000 2019
39.3594,-120.798,Thu Jun 27 02:04:34 +0000 2019
33.6832788,-117.8843715,Thu Jun 27 02:04:36 +0000 2019
34.0522,-118.243,Thu Jun 27 02:04:38 +0000 2019
34.0522,-118.243,Thu Jun 27 02:04:53 +0000 2019
33.682826,-117.884564,Thu Jun 27 02:04:55 +0000 2019
34.0522,-118.243,Thu Jun 27 02:05:01 +0000 2019
34.03976,-118.6713,Thu Jun 27 02:05:04 +0000 2019
33.8463,-118.31,Thu Jun 27 02:05:06 +0000 2019
34.2011,-118.536,Thu Jun 27 02:05:24 +0000 2019
34.10262,-118.33951,Thu Jun 27 02:05:28 +0000 2019
34.1641149,-118.3857815,Thu Jun 27 02:05:42 +0000 2019
34.0522,-118.243,Thu Jun 27 02:05:57 +0000 2019
33.7692,-118.1938,Thu Jun 27 02:06:07 +0000 2019
34.0522,-118.243,Thu Jun 27 02:06:12 +0000 2019
33.68877,-117.17721,Thu Jun 27 02:06:16 +0000 2019
34.0522,-118.243,Thu Jun 27 02:06:24 +0000 2019
33.81502931,-117.92042254,Thu Jun 27 02:06:31 +0000 2019
33.98872,-118.3318,Thu Jun 27 02:06:33 +0000 2019
33.9807869,-118.46817476,Thu Jun 27 02:06:40 +0000 2019
34.151088,-118.451034,Thu Jun 27 02:06:46 +0000 2019
33.80838,-117.92385,Thu Jun 27 02:06:47 +0000 2019
34.03326,-118.1301,Thu Jun 27 02:06:57 +0000 2019
33.9923,-118.47174,Thu Jun 27 02:07:00 +0000 2019
33.5305564,-117.0601263,Thu Jun 27 02:07:23 +0000 2019
33.99518,-118.16547,Thu Jun 27 02:07:31 +0000 2019
34.04077,-118.08256,Thu Jun 27 02:07:44 +0000 2019
33.98721642,-118.47516246,Thu Jun 27 02:07:59 +0000 2019
34.03219819,-118.68734248,Thu Jun 27 02:08:07 +0000 2019
33.95115,-118.16259,Thu Jun 27 02:08:39 +0000 2019
34.09851,-118.35642,Thu Jun 27 02:08:53 +0000 2019
34.1,-118.33333333,Thu Jun 27 02:08:56 +0000 2019
33.93580306,-118.07191372,Thu Jun 27 02:09:07 +0000 2019
33.6638,-118.0076,Thu Jun 27 02:09:11 +0000 2019
34.1610793,-118.512341,Thu Jun 27 02:09:12 +0000 2019
37.89395141,-122.57336472,Thu Jun 27 02:09:53 +0000 2019
34.0522,-118.243,Thu Jun 27 02:09:55 +0000 2019
33.5344,-117.17806,Thu Jun 27 02:10:06 +0000 2019
34.0953,-117.5764,Thu Jun 27 02:10:23 +0000 2019
33.84093596,-118.2583425,Thu Jun 27 02:10:27 +0000 2019
34.16962102,-118.34137817,Thu Jun 27 02:10:50 +0000 2019
34.2778,-118.883,Thu Jun 27 02:11:02 +0000 2019
33.93580306,-118.07191372,Thu Jun 27 02:11:05 +0000 2019
33.80475119,-117.91903573,Thu Jun 27 02:11:14 +0000 2019
34.144692,-118.391008,Thu Jun 27 02:11:20 +0000 2019
34.0006,-118.3952,Thu Jun 27 02:12:14 +0000 2019
33.8362,-117.89,Thu Jun 27 02:12:15 +0000 2019
34.042,-118.26376,Thu Jun 27 02:12:29 +0000 2019
34.0522,-118.243,Thu Jun 27 02:12:47 +0000 2019
34.0907392,-118.38810929,Thu Jun 27 02:13:03 +0000 2019
34.06957757,-118.40598111,Thu Jun 27 02:13:04 +0000 2019
34.10210897,-117.71246418,Thu Jun 27 02:13:09 +0000 2019
33.81502931,-117.92042254,Thu Jun 27 02:13:11 +0000 2019
34.1689,-118.611,Thu Jun 27 02:13:14 +0000 2019
33.84630964,-117.93608547,Thu Jun 27 02:13:19 +0000 2019
34.15793534,-118.44072269,Thu Jun 27 02:13:25 +0000 2019
34.01765959,-118.48668997,Thu Jun 27 02:13:26 +0000 2019
34.144692,-118.391008,Thu Jun 27 02:13:30 +0000 2019
34.14381612,-118.14507691,Thu Jun 27 02:13:38 +0000 2019
33.94146922,-118.13295604,Thu Jun 27 02:17:29 +0000 2019
33.9403444,-118.2215887,Thu Jun 27 02:30:21 +0000 2019
33.69479,-117.88881,Thu Jun 27 02:30:26 +0000 2019
33.9403444,-118.2215887,Thu Jun 27 02:30:27 +0000 2019
34.0522,-118.243,Thu Jun 27 02:30:42 +0000 2019
38.53265888,-123.27772971,Thu Jun 27 02:30:45 +0000 2019
33.8057138,-117.9181195,Thu Jun 27 02:30:47 +0000 2019
33.81502931,-117.92042254,Thu Jun 27 02:30:49 +0000 2019
34.07639125,-117.20298722,Thu Jun 27 02:30:49 +0000 2019
34.08183,-118.38364,Thu Jun 27 02:30:52 +0000 2019
34.1,-118.33333333,Thu Jun 27 02:30:53 +0000 2019
34.2332573,-118.5886841,Thu Jun 27 02:30:54 +0000 2019
34.01777778,-117.69,Thu Jun 27 02:31:20 +0000 2019
34.51452637,-117.22398688,Thu Jun 27 02:31:30 +0000 2019
34.03387,-118.7354,Thu Jun 27 02:31:31 +0000 2019
35.6142,-119.689,Thu Jun 27 02:31:31 +0000 2019
34.20118944,-118.21011764,Thu Jun 27 02:31:32 +0000 2019
34.09851,-118.35642,Thu Jun 27 02:31:39 +0000 2019
34.09318398,-118.29164028,Thu Jun 27 02:31:40 +0000 2019
37.7353,-122.3732,Thu Jun 27 02:32:01 +0000 2019
34.09851,-118.35642,Thu Jun 27 02:32:01 +0000 2019
33.94332434,-118.40560198,Thu Jun 27 02:32:11 +0000 2019
34.07024806,-118.36070209,Thu Jun 27 02:32:17 +0000 2019
34.0522,-118.243,Thu Jun 27 02:32:25 +0000 2019
34.0655,-118.295,Thu Jun 27 02:36:07 +0000 2019
34.1493436,-118.33831051,Thu Jun 27 02:36:11 +0000 2019
34.20118944,-118.21011764,Thu Jun 27 02:36:12 +0000 2019
34.0522,-118.243,Thu Jun 27 02:36:20 +0000 2019
33.98624082,-118.44130084,Thu Jun 27 02:37:05 +0000 2019
34.1432773,-118.391778,Thu Jun 27 02:44:51 +0000 2019
33.9833,-118.4574,Thu Jun 27 02:48:50 +0000 2019
34.00388889,-119.39472222,Thu Jun 27 03:10:37 +0000 2019
34.0875602,-118.47574759,Thu Jun 27 03:10:40 +0000 2019
33.96167393,-118.03089919,Thu Jun 27 03:10:46 +0000 2019
33.69,-117.83,Thu Jun 27 03:10:46 +0000 2019
34.17529,-118.5501,Thu Jun 27 03:13:37 +0000 2019
33.558895,-117.675802,Thu Jun 27 03:13:40 +0000 2019
34.1465,-118.2539,Thu Jun 27 03:13:44 +0000 2019
34.09857484,-118.3295992,Thu Jun 27 03:13:56 +0000 2019
34.0522,-118.243,Thu Jun 27 03:13:58 +0000 2019
33.8,-118.0,Thu Jun 27 03:14:05 +0000 2019
34.0522,-118.243,Thu Jun 27 03:14:13 +0000 2019
34.0,-117.83,Thu Jun 27 03:14:21 +0000 2019
33.83,-117.92,Thu Jun 27 03:14:38 +0000 2019
33.8,-118.0,Thu Jun 27 03:14:47 +0000 2019
34.05029,-118.25398,Thu Jun 27 03:14:49 +0000 2019
34.18105796,-118.30936695,Thu Jun 27 03:14:53 +0000 2019
34.11,-117.8,Thu Jun 27 03:14:55 +0000 2019
33.6594835,-117.9988026,Thu Jun 27 03:15:01 +0000 2019
34.05,-117.75,Thu Jun 27 03:15:03 +0000 2019
34.09883,-118.32908,Thu Jun 27 03:15:06 +0000 2019
34.0522,-118.243,Thu Jun 27 03:15:09 +0000 2019
33.80017431,-117.88284453,Thu Jun 27 03:15:10 +0000 2019
34.13558,-117.9951,Thu Jun 27 03:15:18 +0000 2019
34.2647134,-118.51627053,Thu Jun 27 03:15:20 +0000 2019
34.06514479,-117.6501207,Thu Jun 27 03:15:42 +0000 2019
34.15687655,-116.4987494,Thu Jun 27 03:15:43 +0000 2019
34.09855265,-118.30410633,Thu Jun 27 05:04:41 +0000 2019
33.7721,-118.16743,Thu Jun 27 05:04:56 +0000 2019
33.9481,-117.396,Thu Jun 27 05:05:02 +0000 2019
34.1722,-118.378,Thu Jun 27 05:05:07 +0000 2019
34.022,-118.24406,Thu Jun 27 05:05:07 +0000 2019
34.09009009,-118.20446791,Thu Jun 27 05:05:12 +0000 2019
34.0522,-118.243,Thu Jun 27 05:05:34 +0000 2019
34.16464029,-118.40493413,Thu Jun 27 05:05:39 +0000 2019
34.0522,-118.243,Thu Jun 27 05:06:00 +0000 2019
34.13133071,-118.22116403,Thu Jun 27 05:06:00 +0000 2019
34.01158,-118.49227,Thu Jun 27 05:06:12 +0000 2019
34.092935,-118.214946,Thu Jun 27 05:06:17 +0000 2019
33.56107,-117.13618,Thu Jun 27 05:06:17 +0000 2019
34.06213,-118.32329,Thu Jun 27 05:06:19 +0000 2019
34.0294751,-118.22967,Thu Jun 27 05:06:27 +0000 2019
33.95924,-118.44801,Thu Jun 27 05:06:36 +0000 2019
33.945464,-118.331548,Thu Jun 27 05:06:39 +0000 2019
33.9481,-117.396,Thu Jun 27 05:06:40 +0000 2019
34.05,-118.25,Thu Jun 27 05:06:46 +0000 2019
33.7593,-118.082,Thu Jun 27 05